category,goods_id,goods_name,color, sale_price,origin_price,design,material,stereotype,length
衬衫,1GY4010520010,"印花系带中长衬衫",米白,"669","669",前幅卡通印花/袖口别致系带/采用高含棉面料,100%棉,宽松,中长
衬衫,1GY4010520690,"印花系带中长衬衫",米白,"669","669",前幅卡通印花/袖口别致系带/采用高含棉面料,100%棉,宽松,中长
衬衫,1GY4011100010,"透视蕾丝长袖衬衫",米白,"869","869",蕾丝边点缀袖口/优雅透视设计/采用睫毛蕾丝面料,"100%锦纶
花边:100%锦纶",宽松,适中
衬衫,1GY4011130870,"系带贴布缎面衬衫",杏色,"569","569",前幅花朵贴布绣/领口系带设计/采用柔软缎面材质,96.8%聚酯纤维 3.2%氨纶,宽松,中长
衬衫,1GY4012930013,"飘带束口袖罩衫",米色,"299","299",褶皱束口袖设计/领口轻盈飘带/采用合成纤维面料,100%锦纶,宽松,适中
衬衫,1GY4012930090,"飘带束口袖罩衫",米色,"299","299",褶皱束口袖设计/领口轻盈飘带/采用合成纤维面料,100%锦纶,宽松,适中
衬衫,1GY4012930130,"飘带束口袖罩衫",米色,"299","299",褶皱束口袖设计/领口轻盈飘带/采用合成纤维面料,100%锦纶,宽松,适中
衬衫,1GY4012940090,"一字钻饰网纱罩衫",黑色,"899","899",灵动罩衫设计/别致钻饰点缀/采用网纱面料,100%聚酯纤维,宽松,中长
衬衫,1GY4012940820,"一字钻饰网纱罩衫",黑色,"899","899",灵动罩衫设计/别致钻饰点缀/采用网纱面料,100%聚酯纤维,宽松,中长
衬衫,1GH3016150090,"拼接荷叶丝绒衬衫",黑色,"1090","1090",拼接荷叶袖设计/纯色合体版型/丝绒面料打造,粘纤76.3% 锦纶23.7%,宽松,适中
衬衫,1GH3016150500,"拼接荷叶丝绒衬衫",黑色,"1090","1090",拼接荷叶袖设计/纯色合体版型/丝绒面料打造,粘纤76.3% 锦纶23.7%,宽松,适中
衬衫,1GY3012720010,"荷叶褶皱钉珠衬衫",米白,"499","499",拼接荷叶边设计/褶皱钉珠装饰/纯色宽松版型,聚酯纤维100%,宽松,适中
衬衫,1GY3012720180,"荷叶褶皱钉珠衬衫",米白,"499","499",拼接荷叶边设计/褶皱钉珠装饰/纯色宽松版型,聚酯纤维100%,宽松,适中
衬衫,1GY3012960920,"条纹花边棉质衬衫",蓝白条,"699","699",拼接花边设计/清新条纹图案/宽松衬衫版型,棉100%,宽松,中长
衬衫,1GS3014690130,"卡通印花格子衬衫",玫红,"599","599",复古格子图案/萌趣卡通印花/高含棉面料制作,棉100%,宽松,中长
衬衫,1GS3014690510,"卡通印花格子衬衫",玫红,"599","599",复古格子图案/萌趣卡通印花/高含棉面料制作,棉100%,宽松,中长
衬衫,1GY3010160018,"撞色拼接长袖衬衫",白色,"599","599",拼接搭片设计/视觉撞色效果/采用高含棉面料,"棉100%
SHELL FABRIC:100%COTTON",宽松,中长
衬衫,1GY3010160620,"撞色拼接长袖衬衫",白色,"599","599",拼接搭片设计/视觉撞色效果/采用高含棉面料,"棉100%
SHELL FABRIC:100%COTTON",宽松,中长
衬衫,1GY3010200590,"钉珠贴布系带衬衫",灰绿,"899","899",萌趣卡通贴布绣/钉珠点缀领边/采用高含棉面料,棉100%(装饰工艺部位除外),宽松,中长
衬衫,1GY3010200690,"钉珠贴布系带衬衫",灰绿,"899","899",萌趣卡通贴布绣/钉珠点缀领边/采用高含棉面料,棉100%(装饰工艺部位除外),宽松,中长
衬衫,1GY3010210018,"荷叶雪纺长袖衬衫",白色,"599","599",层次荷叶边设计/纯色宽松版型/舒爽雪纺面料,"主身面料/里料:聚酯纤维100%(绣花线除外)
袖子聚酯纤维100%(绣花线除外)",宽松,适中
衬衫,1GY3010480090,"印花荷叶长袖衬衫",黑色,"639","639",复古印花图案/拼接荷叶边设计/甄选柔滑雪纺面料,"粘纤100%
里料:聚酯纤维100%",宽松,适中
衬衫,1GY3010570600,"镂空褶皱荷叶衬衫",蓝色,"539","539",镂空系带设计/袖口褶皱荷叶边/纯色宽松轮廓,聚酯纤维96.5% 氨纶3.5%,宽松,适中
衬衫,1GY3010570890,"镂空褶皱荷叶衬衫",蓝色,"539","539",镂空系带设计/袖口褶皱荷叶边/纯色宽松轮廓,聚酯纤维96.5% 氨纶3.5%,宽松,适中
衬衫,1GY3010580010,"波点拼接荷叶衬衫",米白,"499","499",拼接荷叶边设计/复古感波点印花/撞色视觉效果,聚酯纤维100%,宽松,适中
衬衫,1GY3012830600,"荷叶透视蕾丝衬衫",白色,"639","639",柔美荷叶领设计/双袖透视性感迷人/精致细腻蕾丝面料,锦纶83.3% 聚酯纤维16.7%里料:聚酯纤维100%,宽松,适中
衬衫,1GY3012980030,"贴布刺绣格纹衬衫",灰色,"1590","1590",趣味撞色贴布刺绣/经典复古格纹图案/宽松中长衬衫版型,聚酯纤维66.1% 粘纤32.4% 氨纶1.5%(装饰工艺部位除外),宽松,中长
衬衫,1GZ3012050018,"【917店庆周279元】拼接荷叶雪纺衬衫",白色,"439","439",柔美荷叶边设计/异材质巧妙拼接/端庄大方小立领,"100%聚酯纤维
蕾丝81.0%聚酯纤维 19.0%锦纶
网布:100%聚酯纤维",宽松,适中
衬衫,1GZ3012050090,"【917店庆周279元】拼接荷叶雪纺衬衫",白色,"439","439",柔美荷叶边设计/异材质巧妙拼接/端庄大方小立领,"100%聚酯纤维
蕾丝81.0%聚酯纤维 19.0%锦纶
网布:100%聚酯纤维",宽松,适中
衬衫,1GZ3018450510,"荷叶印花雪纺衬衫",绿色,"499","499",整件花朵印花图案/柔美荷叶边拼接/领口缀以系带设计,聚酯纤维100%,中长,0.0
衬衫,1GZ3019390462,"荷叶雪纺长袖衬衫",白色,"439","439",荷叶边点缀袖口/宽松版型简约易搭/双层雪纺面料制成,聚酯纤维100%,宽松,超短
衬衫,1GS3014600018,"印花拼接撞色衬衫",白色,"569","569",俏皮卡通印花图案/撞布贴袋拼接装饰/甄选亲肤高含棉面料,洗涤时需注意，切勿搓揉，翻转洗涤与晾干,宽松,中长
衬衫,1GS3014600090,"印花拼接撞色衬衫",白色,"569","569",俏皮卡通印花图案/撞布贴袋拼接装饰/甄选亲肤高含棉面料,洗涤时需注意，切勿搓揉，翻转洗涤与晾干,宽松,中长
衬衫,1GS3014840018,"【917店庆周369元】亮片字母卡通衬衫",白色,"739","739",后幅刺绣亮片字母/卡通贴布绣章/oversize衬衫版型,请翻转洗涤，或放入洗衣袋，以免损伤。,宽松,中长
衬衫,1GS3014840120,"【917店庆周369元】亮片字母卡通衬衫",白色,"739","739",后幅刺绣亮片字母/卡通贴布绣章/oversize衬衫版型,请翻转洗涤，或放入洗衣袋，以免损伤。,宽松,中长
衬衫,1GY3010010010,"拼花边领镂空衬衫",米白,"469","469",拼接花边+钉珠点缀/镂空设计巧妙露肤/简约大气纯色运用,本品采用纱支组织疏松型面料，在使用过程中，纱支因摩擦会有少量抽出，此为正常现象；请注意避开尖利物品的勾刺、挂扯，按照洗护标识洗涤，以防止纱支破损。,宽松,适中
衬衫,1GY3010030090,"刺绣钻饰长袖衬衫",黑色,"699","699",刺绣钻饰灵动点睛/肩位异材质拼接/纯色宽松衣衫轮廓,请翻转洗涤，或放入洗衣袋，以免损伤。,宽松,适中
衬衫,1GY3010030760,"刺绣钻饰长袖衬衫",黑色,"699","699",刺绣钻饰灵动点睛/肩位异材质拼接/纯色宽松衣衫轮廓,请翻转洗涤，或放入洗衣袋，以免损伤。,宽松,适中
衬衫,1GY3010150120,"一字吊带印花衬衫",大红,"769","769",浪漫印花抢占视野/一字露肩吊带设计/层次荷叶边点缀,本品采用非渗透印花工艺，面料易因外力造成浅色底纱外露，使用时请勿绷扯及摩擦，请使用网袋机洗。,宽松,短款
衬衫,1GY3010150601,"一字吊带印花衬衫",大红,"769","769",浪漫印花抢占视野/一字露肩吊带设计/层次荷叶边点缀,本品采用非渗透印花工艺，面料易因外力造成浅色底纱外露，使用时请勿绷扯及摩擦，请使用网袋机洗。,宽松,短款
衬衫,1GY3010180601,"交叉系带雪纺衬衫",彩蓝,"399","399",交叉系带开叉设计/喇叭袖修饰手臂/雪纺面料轻柔舒适,聚酯纤维100%,宽松,适中
衬衫,1GY3010310000,"挖空蕾丝拼接衬衫",漂白,"839","839",肩部性感挖空设计/柔美荷叶泡泡袖/精致细腻蕾丝材质,本品采用纱支组织疏松型面料，在使用过程中，纱支因摩擦会有少量抽出，此为正常现象；请注意避开尖利物品的勾刺、挂扯，按照洗护标识洗涤，以防止纱支破损。,宽松,适中
衬衫,1GY3010310690,"挖空蕾丝拼接衬衫",漂白,"839","839",肩部性感挖空设计/柔美荷叶泡泡袖/精致细腻蕾丝材质,本品采用纱支组织疏松型面料，在使用过程中，纱支因摩擦会有少量抽出，此为正常现象；请注意避开尖利物品的勾刺、挂扯，按照洗护标识洗涤，以防止纱支破损。,宽松,适中
衬衫,1GY3010340018,"一字肩纯色棉衬衫",白色,"569","569",一字领性感露肩设计/两侧拼接绑带装饰/泡泡手袖显瘦减龄,本产品采用混纺编织，因结构特性，在使用过程中会产生轻微起毛球，属正常现象，穿着时尽量避免摩擦。,宽松,适中
衬衫,1GY3010340180,"一字肩纯色棉衬衫",白色,"569","569",一字领性感露肩设计/两侧拼接绑带装饰/泡泡手袖显瘦减龄,本产品采用混纺编织，因结构特性，在使用过程中会产生轻微起毛球，属正常现象，穿着时尽量避免摩擦。,宽松,适中
衬衫,1GY3010350710,"V领系带雪纺衬衫",紫色,"499","499",性感DeepV领设计/拼接系带装饰/纯色宽松版型,本品采用纱支组织疏松型面料，在使用过程中，纱支因摩擦会有少量抽出，此为正常现象；请注意避开尖利物品的勾刺、挂扯，按照洗护标识洗涤，以防止纱支破损。,宽松,适中
衬衫,1GY3010410650,"一字肩荷叶边衬衫",深蓝,"599","599",一字领性感露肩设计/层叠荷叶点缀两袖/纯色宽松版型,本产品采用纱支组织疏松型面料，在使用过程中，纱支因摩擦会有少量抽出，此为正常现象；请注意避开尖利物品的勾刺、挂扯，按照洗护标识洗涤，以防止纱支破损。,宽松,适中
衬衫,1GY3010650090,"西装领印花衬衫",黑色,"669","669",西装翻驳领型设计/复古花鸟印花图案/两侧实用车缝口袋,本品采用非渗透印花工艺，面料易因外力造成浅色底纱外露，使用时请勿绷扯及摩擦，请使用网袋机洗；本品采用纱支组织疏松型面料，在使用过程中，纱支因摩擦会有少量抽出，此为正常现象；请注意避开尖利物品的勾刺、挂扯，按照洗护标识洗涤，以防止纱支破损。,宽松,适中
衬衫,1GY3010650870,"西装领印花衬衫",黑色,"669","669",西装翻驳领型设计/复古花鸟印花图案/两侧实用车缝口袋,本品采用非渗透印花工艺，面料易因外力造成浅色底纱外露，使用时请勿绷扯及摩擦，请使用网袋机洗；本品采用纱支组织疏松型面料，在使用过程中，纱支因摩擦会有少量抽出，此为正常现象；请注意避开尖利物品的勾刺、挂扯，按照洗护标识洗涤，以防止纱支破损。,宽松,适中
衬衫,1GY3010660010,"拼接荷叶网纱衬衫",米白,"669","669",褶皱荷叶优雅别致/拼接网纱性感透视/甄选轻柔雪纺材质,本品采用特殊纱支制作而成，穿着时请小心爱护，请勿用力拉扯面料，切不可揉搓及绞拧，以防对面料造成损坏。,宽松,适中
衬衫,1GY3010680917,"格子荷叶丝棉衬衫",红格,"699","699",格子印花波普吸睛/荷叶边＋泡泡袖设计/丝棉面料轻盈柔软,本品采用特殊纱支制作而成，穿着时请小心爱护，请勿用力拉扯面料，切不可揉搓及绞拧，以防对面料造成损坏。,宽松,适中
衬衫,1GY3010690018,"刺绣荷叶透视衬衫",白色,"799","799",前幅精致刺绣设计/衣摆褶皱荷叶边/双袖性感透视,本品采用纱支组织疏松型面料，在使用过程中，纱支因摩擦会有少量抽出，此为正常现象；请注意避开尖利物品的勾刺、挂扯，按照洗护标识洗涤，以防止纱支破损。,宽松,适中
衬衫,1GY3010690133,"刺绣荷叶透视衬衫",白色,"799","799",前幅精致刺绣设计/衣摆褶皱荷叶边/双袖性感透视,本品采用纱支组织疏松型面料，在使用过程中，纱支因摩擦会有少量抽出，此为正常现象；请注意避开尖利物品的勾刺、挂扯，按照洗护标识洗涤，以防止纱支破损。,宽松,适中
衬衫,1GY3012920925,"条纹系带长袖衬衫",啡条,"599","599",撞色条纹印花图案/衣摆拼接系带/V字领口设计,本品采用纱支组织疏松型面料，在使用过程中，纱支因摩擦会有少量抽出，此为正常现象；请注意避开尖利物品的勾刺、挂扯，按照洗护标识洗涤，以防止纱支破损。,宽松,适中
衬衫,1GZ3019390018,"【917店庆周299元】荷叶雪纺长袖衬衫",白色,"439","439",荷叶边点缀袖口/宽松版型简约易搭/双层雪纺面料制成,聚酯纤维100%,宽松,超短
衬衫,1GZ3019390090,"【917店庆周299元】荷叶雪纺长袖衬衫",白色,"439","439",荷叶边点缀袖口/宽松版型简约易搭/双层雪纺面料制成,聚酯纤维100%,宽松,超短
衬衫,1GZ3019610120,"系带铆钉雪纺衬衫",大红,"669","669",别致铆钉点缀/灵活系带设计/选用柔软雪纺面料,聚酯纤维100%,适中,0.0
衬衫,1GZ3019620000,"拼蕾丝灯笼袖衬衫",漂白,"639","639",荷叶领灵动柔美/灯笼袖设计修饰手臂/蕾丝+雪纺巧妙拼接,"锦纶54.1% 氨纶17.1% 聚酯纤维13.2% 棉9.7% 粘纤5.9%
里料:聚酯纤维100%
撞料:聚酯纤维100%",适中,0.0
衬衫,1GH3015720501,"刺绣镂空拼接衬衫",墨绿,"699","699",假两件层次拼接/性感镂空设计/贴布刺绣装饰,"梭织聚酯纤维100%
针织棉56.9% 再生纤维素纤维39.3% 氨纶3.8%",贴身,适中
衬衫,1GY3010360010,"荷叶吊带长袖衬衫",米白,"639","639",吊带露肩性感迷人/荷叶边优雅柔美/系带+花边领口点缀,本品采用纱支组织疏松型面料，在使用过程中，纱支因摩擦会有少量抽出，此为正常现象；请注意避开尖利物品的勾刺、挂扯，按照洗护标识洗涤，以防止纱支破损。,短款,0.0
衬衫,1GY3010360180,"荷叶吊带长袖衬衫",米白,"639","639",吊带露肩性感迷人/荷叶边优雅柔美/系带+花边领口点缀,本品采用纱支组织疏松型面料，在使用过程中，纱支因摩擦会有少量抽出，此为正常现象；请注意避开尖利物品的勾刺、挂扯，按照洗护标识洗涤，以防止纱支破损。,短款,0.0
衬衫,1GY3010400090,"立领刺绣透视衬衫",黑色,"639","639",褶皱荷叶修饰手臂/系带＋花边领口柔美大气/网纱绣别致灵动,本品采用纱支组织疏松型面料，在使用过程中，纱支因摩擦会有少量抽出，此为正常现象；请注意避开尖利物品的勾刺、挂扯，按照洗护标识洗涤，以防止纱支破损。,适中,0.0
衬衫,1GY3010590090,"V领系带吊带背心",黑色,"299","299",系带装饰灵动别致/V领剪裁巧妙显瘦/吊带背心纯色易搭,本产品采用纱支组织疏松型面料，在使用过程中，纱支因摩擦会有少量抽出，此为正常现象；请注意避开尖利物品的勾刺、挂扯，按照洗护标识洗涤，以防止纱支破损。,短款,0.0
衬衫,1GY3010590180,"V领系带吊带背心",黑色,"299","299",系带装饰灵动别致/V领剪裁巧妙显瘦/吊带背心纯色易搭,本产品采用纱支组织疏松型面料，在使用过程中，纱支因摩擦会有少量抽出，此为正常现象；请注意避开尖利物品的勾刺、挂扯，按照洗护标识洗涤，以防止纱支破损。,短款,0.0
衬衫,1GZ3019320090,"荷叶领带雪纺衬衫",漂白,"569","569",荷叶边袖口点缀，丰富衣衫层次感，尽显优雅柔美气质；领口可拆卸系带，装饰精致脖颈，行走间带出灵动气质；选用轻柔雪纺面料，质感柔和，穿着舒适大方。,"聚酯纤维100%
里料:聚酯纤维100%",适中,0.0
衬衫,1GZ3012950018,"拼接系带长袖衬衫",白色,"439","439",V领拼接绑带装饰，增添优雅淑女感，让人印象深刻；采用大气无繁复设计，简约又不失时髦利落；精选亮泽仿缎面材质，细腻柔润，亲肤舒适。,聚酯纤维100%,适中,0.0
衬衫,1GY3010250018,"荷叶蕾丝立领衬衫",白色,"539","539","荷叶边设计点缀袖口,微微透露肌肤，尽显女人味；精致细腻的蕾丝剪裁，烘托出优雅而浪漫的气质；小立领设计温婉大方，营造端庄知性的视觉美感。",本品采用纱支组织疏松型面料，在使用过程中，纱支因摩擦会有少量抽出，此为正常现象；请注意避开尖利物品的勾刺、挂扯，按照洗护标识洗涤，以防止纱支破损。,适中,0.0
衬衫,1GY3010250090,"荷叶蕾丝立领衬衫",白色,"539","539","荷叶边设计点缀袖口,微微透露肌肤，尽显女人味；精致细腻的蕾丝剪裁，烘托出优雅而浪漫的气质；小立领设计温婉大方，营造端庄知性的视觉美感。",本品采用纱支组织疏松型面料，在使用过程中，纱支因摩擦会有少量抽出，此为正常现象；请注意避开尖利物品的勾刺、挂扯，按照洗护标识洗涤，以防止纱支破损。,适中,0.0
衬衫,1GY3010320090,"翻领荷叶无袖衬衫",黑色,"369","369",披肩式领口配合荷叶边设计，丰富了衣衫层次，尽展浪漫优雅气息；刺绣翻领复古别致，别具设计巧思；透视雪纺朦胧露肤，洋溢低调性感魅力，让人印象深刻。,聚酯纤维100%(绣花线除外),适中,0.0
衬衫,1GY3010370090,"花朵斜肩雪纺衬衫",黑色,"639","639",以复古风浓郁的花朵图案覆于衣衫，彰显优雅浪漫的女性气质；不规则露肩设计，展露圆润香肩与迷人锁骨线条；层叠的荷叶边加之轻透雪纺，散发迷人仙气。,本品采用特殊面料，穿着时请小心爱护，请勿用力拉扯面料，切不可揉搓及绞拧，以防对面料造成损坏。,适中,0.0
衬衫,1GY3010380920,"荷叶褶皱条纹衬衫",蓝白条,"669","669",荷叶边不规则拼接，丰富造型层次感，尽显娇俏柔美气息；背部加入橡筋褶皱设计，视觉上修饰腰身，尤显纤细窈窕；条纹印花俏丽减龄，舒适中彰显清新海军风。,棉100%,短款,修身
衬衫,1GZ3013650018,"【917店庆周469元】透视蕾丝长袖衬衫",白色,"799","799",下摆拼接透视蕾丝，视觉划分身材比例，更显高挑迷人身姿；中长宽松轮廓，修饰身材小秘密，显瘦又时髦；精选高含棉材质打造大身，穿着舒爽亲肤。,"棉100%
下摆:锦纶100%",长款,0.0
衬衫,1GZ3019300920,"钉珠绣条纹棉衬衫",蓝白条,"469","469",领口钉珠+刺绣蝴蝶装饰，点缀简约衣衫，尽展俏丽时髦感；复古波普感细条纹，巧妙视觉修饰身材，演绎窈窕迷人身姿；选用高含棉材质，柔韧亲肤，舒适大方。,棉100%,中长,0.0
衬衫,1GZ3019310934,"【917店庆周349元】泡泡袖条纹棉衬衫",绿白条,"499","499",抽绳泡泡袖设计，巧妙修饰手臂线条，时髦显瘦；摩登竖条纹图案，视觉延伸上身姿态，尽展高挑迷人；精选高含棉材质，舒爽柔韧，穿着得体大方。,棉100%,适中,0.0
衬衫,1GZ3019310971,"【917店庆周349元】泡泡袖条纹棉衬衫",绿白条,"499","499",抽绳泡泡袖设计，巧妙修饰手臂线条，时髦显瘦；摩登竖条纹图案，视觉延伸上身姿态，尽展高挑迷人；精选高含棉材质，舒爽柔韧，穿着得体大方。,棉100%,适中,0.0
衬衫,1GZ3019320000,"【917店庆周319元】系带荷叶纯色衬衫",漂白,"569","569",荷叶边袖口点缀，丰富衣衫层次感，尽显优雅柔美气质；领口可拆卸系带，装饰精致脖颈，行走间带出灵动气质；选用轻柔雪纺面料，质感柔和，穿着舒适大方。,"聚酯纤维100%
里料:聚酯纤维100%",适中,0.0
衬衫,1GZ3019320770,"【917店庆周319元】系带荷叶纯色衬衫",漂白,"569","569",荷叶边袖口点缀，丰富衣衫层次感，尽显优雅柔美气质；领口可拆卸系带，装饰精致脖颈，行走间带出灵动气质；选用轻柔雪纺面料，质感柔和，穿着舒适大方。,"聚酯纤维100%
里料:聚酯纤维100%",适中,0.0
衬衫,1GZ3019600180,"荷叶拼接雪纺衬衫",粉红,"599","599",一字露肩设计，巧妙露肤，尽展窈窕纤细身姿；拼荷叶褶皱领口与袖口，加入摩登俏丽感，让人印象深刻；选用轻柔印花雪纺材质，飘逸灵动，增添浪漫气息。,聚酯纤维100%,适中,0.0
衬衫,1GZ3019600650,"荷叶拼接雪纺衬衫",粉红,"599","599",一字露肩设计，巧妙露肤，尽展窈窕纤细身姿；拼荷叶褶皱领口与袖口，加入摩登俏丽感，让人印象深刻；选用轻柔印花雪纺材质，飘逸灵动，增添浪漫气息。,聚酯纤维100%,适中,0.0
衬衫,1GZ3012950090,"拼接系带长袖衬衫",白色,"439","439",V领拼接绑带装饰，增添优雅淑女感，让人印象深刻；采用大气无繁复设计，简约又不失时髦利落；精选亮泽仿缎面材质，细腻柔润，亲肤舒适。,聚酯纤维100%,适中,0.0
衬衫,1GZ3013650920,"【917店庆周469元】透视蕾丝长袖衬衫",白色,"799","799",下摆拼接透视蕾丝，视觉划分身材比例，更显高挑迷人身姿；中长宽松轮廓，修饰身材小秘密，显瘦又时髦；精选高含棉材质打造大身，穿着舒爽亲肤。,"棉100%
下摆:锦纶100%",长款,0.0
衬衫,1GY2011130018,"拼荷叶花无袖衬衫",白色,"539","539","面料:棉100%
花边:棉100%",产品或产品的某一部分含有2种及以上的纤维时，除了许可不标注的纤维外，在标签上标明的每一种纤维含量允许偏差为5%，填充物的允许偏差为10%.,合体,适中
衬衫,1GY2011090923,"肩带抹胸格子衬衫",黑白格,"739","739","面料:棉100%
里料:锦纶89.4% 氨纶10.6%",产品或产品的某一部分含有2种及以上的纤维时，除了许可不标注的纤维外，在标签上标明的每一种纤维含量允许偏差为5%，填充物的允许偏差为10%.,贴身,短款
衬衫,1GY2011090937,"肩带抹胸格子衬衫",黑白格,"739","739","面料:棉100%
里料:锦纶89.4% 氨纶10.6%",产品或产品的某一部分含有2种及以上的纤维时，除了许可不标注的纤维外，在标签上标明的每一种纤维含量允许偏差为5%，填充物的允许偏差为10%.,贴身,短款
衬衫,1GY2011130600,"拼荷叶花无袖衬衫",白色,"539","539","面料:棉100%
花边:棉100%",产品或产品的某一部分含有2种及以上的纤维时，除了许可不标注的纤维外，在标签上标明的每一种纤维含量允许偏差为5%，填充物的允许偏差为10%.,合体,适中
衬衫,1GY2011140018,"一字拼镂空袖衬衫",白色,"569","569","面料:粘纤100%
里料:聚酯纤维100%
花边:聚酯纤维100%",产品或产品的某一部分含有2种及以上的纤维时，除了许可不标注的纤维外，在标签上标明的每一种纤维含量允许偏差为5%，填充物的允许偏差为10%.,宽松,适中
衬衫,1GY2011140510,"一字拼镂空袖衬衫",白色,"569","569","面料:粘纤100%
里料:聚酯纤维100%
花边:聚酯纤维100%",产品或产品的某一部分含有2种及以上的纤维时，除了许可不标注的纤维外，在标签上标明的每一种纤维含量允许偏差为5%，填充物的允许偏差为10%.,宽松,适中
衬衫,1GY2011700018,"V领镂空宽松衬衫",白色,"399","399",面料:棉100%,产品或产品的某一部分含有2种及以上的纤维时，除了许可不标注的纤维外，在标签上标明的每一种纤维含量允许偏差为5%，填充物的允许偏差为10%.,贴身,适中
衬衫,1GY2011700690,"V领镂空宽松衬衫",白色,"399","399",面料:棉100%,产品或产品的某一部分含有2种及以上的纤维时，除了许可不标注的纤维外，在标签上标明的每一种纤维含量允许偏差为5%，填充物的允许偏差为10%.,贴身,适中
衬衫,1GY2011710010,"荷叶露肩雪纺衬衫",米白,"369","369",面料:聚酯纤维100%,产品或产品的某一部分含有2种及以上的纤维时，除了许可不标注的纤维外，在标签上标明的每一种纤维含量允许偏差为5%，填充物的允许偏差为10%.,合体,适中
衬衫,1GY2011710090,"荷叶露肩雪纺衬衫",米白,"369","369",面料:聚酯纤维100%,产品或产品的某一部分含有2种及以上的纤维时，除了许可不标注的纤维外，在标签上标明的每一种纤维含量允许偏差为5%，填充物的允许偏差为10%.,合体,适中
衬衫,1GY2011710180,"荷叶露肩雪纺衬衫",米白,"369","369",面料:聚酯纤维100%,产品或产品的某一部分含有2种及以上的纤维时，除了许可不标注的纤维外，在标签上标明的每一种纤维含量允许偏差为5%，填充物的允许偏差为10%.,合体,适中
衬衫,1GY2011730650,"印花薄款雪纺衬衫",深蓝,"499","499",面料:聚酯纤维100%,产品或产品的某一部分含有2种及以上的纤维时，除了许可不标注的纤维外，在标签上标明的每一种纤维含量允许偏差为5%，填充物的允许偏差为10%.,宽松,适中
衬衫,1GY2011780018,"泡泡袖丝绵衬衫",白色,"639","639",面料:棉68.5% 桑蚕丝31.5%,产品或产品的某一部分含有2种及以上的纤维时，除了许可不标注的纤维外，在标签上标明的每一种纤维含量允许偏差为5%，填充物的允许偏差为10%.,宽松,适中
衬衫,1GY2011780690,"泡泡袖丝绵衬衫",白色,"639","639",面料:棉68.5% 桑蚕丝31.5%,产品或产品的某一部分含有2种及以上的纤维时，除了许可不标注的纤维外，在标签上标明的每一种纤维含量允许偏差为5%，填充物的允许偏差为10%.,宽松,适中
衬衫,1GY2011350119,"斜肩荷叶雪纺衬衫",红色,"539","539",斜肩+吊带设计，展露出部分肌肤，个性又迷人；双层荷叶边叠加，营造层次效果，柔美大方；亮眼色调印花轻松抓取眼球，复古又不失俏丽感。,聚酯纤维100%,宽松,适中
衬衫,1GY2011690090,"露肩钉珠雪纺衬衫",黑色,"439","439",一字肩+吊带露肩设计，展露肩部肌肤与锁骨，散发性感魅力；加入仿珍珠点缀，细节彰显，衬托出端庄大气特质；雪纺面料制作，手感柔和顺滑，穿着清爽舒适。,本品采用纱支组织疏松型面料，在使用过程中，纱支因摩擦会有少量抽出，此为正常现象；请注意避开尖利物品的勾刺、挂扯，按照洗护标识洗涤，以防止纱支破损。,宽松,适中
衬衫,1GY2011690160,"露肩钉珠雪纺衬衫",黑色,"439","439",一字肩+吊带露肩设计，展露肩部肌肤与锁骨，散发性感魅力；加入仿珍珠点缀，细节彰显，衬托出端庄大气特质；雪纺面料制作，手感柔和顺滑，穿着清爽舒适。,本品采用纱支组织疏松型面料，在使用过程中，纱支因摩擦会有少量抽出，此为正常现象；请注意避开尖利物品的勾刺、挂扯，按照洗护标识洗涤，以防止纱支破损。,宽松,适中
衬衫,1GY2011770010,"一字蕾丝中袖衬衫",米白,"799","799",一字肩元素在本季持续火热，展露性感锁骨，尽显迷人姿态；拼接透视蕾丝花边，赋予裙装浪漫气息，大方优雅；弹性收腰+短款设计，修饰出纤细蛮腰，俏丽又显瘦。,"聚酯纤维100%
里料:聚酯纤维100%
花边:聚酯纤维100%",宽松,短款
衬衫,1GY2011770180,"一字蕾丝中袖衬衫",米白,"799","799",一字肩元素在本季持续火热，展露性感锁骨，尽显迷人姿态；拼接透视蕾丝花边，赋予裙装浪漫气息，大方优雅；弹性收腰+短款设计，修饰出纤细蛮腰，俏丽又显瘦。,"聚酯纤维100%
里料:聚酯纤维100%
花边:聚酯纤维100%",宽松,短款
衬衫,1GY2012250010,"一字露肩雪纺衬衫",米白,"699","699",一字露肩设计本季大热，展露出迷人锁骨，青春迷人；清新色调荷叶边带来俏丽柔美感，颇有几分甜美仙女范儿；雪纺面料制作，呈现出柔和舒适质感，彰显品牌价值。,本品采用特殊细纱支制作而成，在穿着使用时需小心爱护，避免指甲、金属等尖锐物品的勾刮，以防造成面料钩丝及刮痕。,合体,适中
衬衫,1GY2012700920,"一字露肩中袖衬衫",蓝白条,"639","639",一字露肩+后绑带设计，展露出锁骨，同时赋予衣衫俏丽感；蓝白条纹在时尚界一直经典不衰，色调清新，时髦减龄；加入花朵刺绣点缀，强调视觉效果，靓丽吸睛。,"[地布]棉100%
[提花]聚酯纤维100%",合体,短款
衬衫,1GY2011690010,"露肩钉珠雪纺衬衫",黑色,"439","439",一字肩+吊带露肩设计，展露肩部肌肤与锁骨，散发性感魅力；加入仿珍珠点缀，细节彰显，衬托出端庄大气特质；雪纺面料制作，手感柔和顺滑，穿着清爽舒适。,本品采用纱支组织疏松型面料，在使用过程中，纱支因摩擦会有少量抽出，此为正常现象；请注意避开尖利物品的勾刺、挂扯，按照洗护标识洗涤，以防止纱支破损。,宽松,适中
衬衫,1GZ2019090010,"一字褶皱短袖衬衫",米白,"539","539",一字肩+吊带款，展露肩部肌肤与锁骨，散发性感迷人气息；褶皱荷叶边赋予衣衫层次感，减龄又显俏丽仙女范；袖口加入灵活绑带，塑造出不同造型，活力个性。,棉100%,合体,适中
衬衫,1GZ2019090133,"一字褶皱短袖衬衫",米白,"539","539",一字肩+吊带款，展露肩部肌肤与锁骨，散发性感迷人气息；褶皱荷叶边赋予衣衫层次感，减龄又显俏丽仙女范；袖口加入灵活绑带，塑造出不同造型，活力个性。,棉100%,合体,适中
衬衫,1GZ2019180010,"V领荷叶短袖衬衫",米白,"369","369",荷叶边袖口呈现丰富层次感，别具优雅风情，大方柔美；前后V领设计，勾勒出视觉线条，衬托精致脸型；纯色衣款糅合棉质面料，整体简约随性，舒适好穿。,棉100%,合体,适中
衬衫,1GZ2019180025,"V领荷叶短袖衬衫",米白,"369","369",荷叶边袖口呈现丰富层次感，别具优雅风情，大方柔美；前后V领设计，勾勒出视觉线条，衬托精致脸型；纯色衣款糅合棉质面料，整体简约随性，舒适好穿。,棉100%,合体,适中
衬衫,1GZ2019300018,"一字刺绣短袖衬衫",白色,"399","399",亮色车缝线+花朵刺绣，复古又具民族风，演绎轻松度假风情；弹性一字肩融入压褶细节，展露迷人锁骨，性感又不失俏丽；甄选面料制作，质感柔和，穿着舒适。,"粘纤100%(绣花线除外)
打揽部位:[底布]粘纤100%
[贴花]聚酯纤维100%
[连接线]二烯类弹性纤维、聚酯纤维",宽松,适中
衬衫,1GH2015190650,"滚边刺绣腰带衬衫",深蓝,"699","699",本品采用纱支组织疏松型面料，在使用过程中，纱支因摩擦会有少量抽出，此为正常现象；请注意避开尖利物品的勾刺、挂扯，按照洗护标识洗涤，以防止纱支破损。,聚酯纤维100%(绣花线除外),宽松,适中
衬衫,1GY2011450010,"立领镂空蕾丝衬衫",米白,"539","539",气质花边小立领，修饰玉颈，尽展修长身姿；镂空设计轻展肌肤，巧妙流苏摩登性感魅力，让人一见难忘；精选柔软含棉蕾丝料，增添复古浪漫气息。,本品采用纱支组织疏松型面料，在使用过程中，纱支因摩擦会有少量抽出，此为正常现象；请注意避开尖利物品的勾刺、挂扯，按照洗护标识洗涤，以防止纱支破损。,合体,适中
衬衫,1GY2011450133,"立领镂空蕾丝衬衫",米白,"539","539",气质花边小立领，修饰玉颈，尽展修长身姿；镂空设计轻展肌肤，巧妙流苏摩登性感魅力，让人一见难忘；精选柔软含棉蕾丝料，增添复古浪漫气息。,本品采用纱支组织疏松型面料，在使用过程中，纱支因摩擦会有少量抽出，此为正常现象；请注意避开尖利物品的勾刺、挂扯，按照洗护标识洗涤，以防止纱支破损。,合体,适中
衬衫,1GY2011920010,"荷叶中袖雪纺衬衫",米白,"469","469",拼接荷叶边，柔美灵动跃然而生，时髦吸睛；长度层次依次递增，巧妙展露肌肤，魅力亮眼；精选柔美雪纺皱面料，轻盈飘逸，舒适大方。,本品采用特殊纱支制作而成，穿着时请小心爱护，请勿用力拉扯面料，切不可揉搓及绞拧。以防对面料造成损坏。,宽松,适中
衬衫,1GY2011920090,"荷叶中袖雪纺衬衫",米白,"469","469",拼接荷叶边，柔美灵动跃然而生，时髦吸睛；长度层次依次递增，巧妙展露肌肤，魅力亮眼；精选柔美雪纺皱面料，轻盈飘逸，舒适大方。,本品采用特殊纱支制作而成，穿着时请小心爱护，请勿用力拉扯面料，切不可揉搓及绞拧。以防对面料造成损坏。,宽松,适中
衬衫,1GY2011920621,"荷叶中袖雪纺衬衫",米白,"469","469",拼接荷叶边，柔美灵动跃然而生，时髦吸睛；长度层次依次递增，巧妙展露肌肤，魅力亮眼；精选柔美雪纺皱面料，轻盈飘逸，舒适大方。,本品采用特殊纱支制作而成，穿着时请小心爱护，请勿用力拉扯面料，切不可揉搓及绞拧。以防对面料造成损坏。,宽松,适中
衬衫,1GY2011990090,"露肩荷叶雪纺衬衫",黑色,"399","399",斜露肩+单边吊带设计，展露出些许肌肤，不乏时尚个性；荷叶边线条感流畅，带来几分复古情怀，柔美加分；衣摆加入绑带设计，随意打造绑带效果，飘逸吸睛。,本品采用纱支组织疏松型面料，在使用过程中，纱支因摩擦会有少量抽出，此为正常现象；请注意避开尖利物品的勾刺、挂扯，按照洗护标识洗涤，以防止纱支破损。,合体,适中
衬衫,1GY2011990140,"露肩荷叶雪纺衬衫",黑色,"399","399",斜露肩+单边吊带设计，展露出些许肌肤，不乏时尚个性；荷叶边线条感流畅，带来几分复古情怀，柔美加分；衣摆加入绑带设计，随意打造绑带效果，飘逸吸睛。,本品采用纱支组织疏松型面料，在使用过程中，纱支因摩擦会有少量抽出，此为正常现象；请注意避开尖利物品的勾刺、挂扯，按照洗护标识洗涤，以防止纱支破损。,合体,适中
衬衫,1GY2011990601,"露肩荷叶雪纺衬衫",黑色,"399","399",斜露肩+单边吊带设计，展露出些许肌肤，不乏时尚个性；荷叶边线条感流畅，带来几分复古情怀，柔美加分；衣摆加入绑带设计，随意打造绑带效果，飘逸吸睛。,本品采用纱支组织疏松型面料，在使用过程中，纱支因摩擦会有少量抽出，此为正常现象；请注意避开尖利物品的勾刺、挂扯，按照洗护标识洗涤，以防止纱支破损。,合体,适中
衬衫,1GY2012570018,"吊带蝴蝶结衬衫",白色,"669","669",一字露肩设计，轻展锁骨，窈窕显瘦；拼接撞色蝴蝶结吊带，增添俏丽浪漫感，让人印象深刻；精选网布绣花面料，肌肤若隐若现，透露少许性感与浪漫气息。,"网布绣花[底布]锦纶100% [绣花线]聚酯纤维100% [串珠线]锦纶、聚酯纤维
缎面雪纺聚酯纤维100%
里料:聚酯纤维95% 氨纶5%",合体,适中
衬衫,1GY2012570690,"吊带蝴蝶结衬衫",白色,"669","669",一字露肩设计，轻展锁骨，窈窕显瘦；拼接撞色蝴蝶结吊带，增添俏丽浪漫感，让人印象深刻；精选网布绣花面料，肌肤若隐若现，透露少许性感与浪漫气息。,"网布绣花[底布]锦纶100% [绣花线]聚酯纤维100% [串珠线]锦纶、聚酯纤维
缎面雪纺聚酯纤维100%
里料:聚酯纤维100%",合体,适中
衬衫,1GY2012900018,"泡泡袖腰带棉衬衫",白色,"469","469",落肩宽松轮廓打造，视觉修饰肩部线条，尽展高挑印象；泡泡袖剪裁巧妙掩盖身材小秘密，窈窕手臂轻松打造；贴布绣章点缀，提升波普俏丽气息，点缀吸睛；精选高含棉府绸材质，柔软清爽，舒适亲肤。,棉100%,宽松,适中
衬衫,1GY2012900180,"泡泡袖腰带棉衬衫",白色,"469","469",落肩宽松轮廓打造，视觉修饰肩部线条，尽展高挑印象；泡泡袖剪裁巧妙掩盖身材小秘密，窈窕手臂轻松打造；贴布绣章点缀，提升波普俏丽气息，点缀吸睛；精选高含棉府绸材质，柔软清爽，舒适亲肤。,棉100%,宽松,适中
衬衫,1GY2012910010,"镂空拼接印花衬衫",米白,"699","699",肩位拼接镂空蕾丝，轻展锁骨及肌肤，魅力显瘦；流苏抽绳泡泡袖设计，巧妙修饰手臂线条，尽展窈窕身姿；大身选用含棉印花面料，亲肤舒爽，穿着得体大方。,本品采用特殊纱支制作而成，穿着时请小心爱护，请勿用力拉扯面料，切不可揉搓及绞拧。以防对面料造成损坏。,宽松,适中
衬衫,1GY2011040600,"短款一字荷叶衬衫",蓝色,"599","599",短款修身轮廓打造，巧妙重塑身材比例，尽展高挑窈窕；拼接荷叶褶皱，尽展灵动柔美，时髦吸睛；波普感条纹图案，以清新色调演绎，清爽又不失摩登感。,"棉 76.3% 锦纶23.7%
里料:聚酯纤维100%",修身,短款
衬衫,1GY2011060690,"中长刺绣中袖衬衫",浅蓝,"599","599",中长宽松轮廓衣衫，巧妙修饰身材小秘密，高挑显瘦；以仿手绣与亮片工艺打造，清新唯美格调轻松演绎，气质吸睛；精选高含棉材质，柔软亲肤，穿着舒爽透气。,"棉100%(绣花线除外)
里料:聚酯纤维100%",宽松,中长
衬衫,1GY2011060920,"中长刺绣中袖衬衫",浅蓝,"599","599",中长宽松轮廓衣衫，巧妙修饰身材小秘密，高挑显瘦；以仿手绣与亮片工艺打造，清新唯美格调轻松演绎，气质吸睛；精选高含棉材质，柔软亲肤，穿着舒爽透气。,"棉100%(绣花线除外)
里料:聚酯纤维100%",宽松,中长
衬衫,1GY2011100090,"拼接荷叶吊带衬衫",黑色,"299","299",拼接荷叶下摆，增添柔美气息，时髦又妩媚；背心修身轮廓，勾勒玲珑身姿，尽展窈窕曲线美态；精选弹力混纺材质，柔软舒适。,"聚酯纤维89.9% 氨纶10.1%
里料:聚酯纤维100%",修身,适中
衬衫,1GY2011160920,"刺绣条纹喇叭衬衫",蓝白条,"499","499",中长轮廓巧妙修饰身材小秘密，显瘦吸睛；立体刺绣玫瑰，小巧吸睛；喇叭袖+中袖剪裁，婉约又不失时髦感；甄选含棉微弹面料，亲肤又舒适。,聚酯纤维42.4% 棉34.9% 粘纤19.9% 氨纶2.8%,合体,中长
衬衫,1GY2011210018,"绑带荷叶雪纺衬衫",白色,"499","499",领口绑带+开襟单排扣，尽展典雅气质，塑造淑女印象；袖口与下摆拼荷叶边，柔美浪漫感跃然而生，散发灵动俏丽气息；选用轻盈雪纺材质，穿着舒适又大方。,"聚酯纤维100%
里料:聚酯纤维100%",合体,适中
衬衫,1GY2011210760,"绑带荷叶雪纺衬衫",白色,"499","499",领口绑带+开襟单排扣，尽展典雅气质，塑造淑女印象；袖口与下摆拼荷叶边，柔美浪漫感跃然而生，散发灵动俏丽气息；选用轻盈雪纺材质，穿着舒适又大方。,"聚酯纤维100%
里料:聚酯纤维100%",合体,适中
衬衫,1GY2011410010,"网纱两件套衬衫",米白,"639","639",轻透网纱面料制作，隐约展现肌肤，浪漫又迷人；搭配无袖T恤形成两件套款式，实用好穿，别具层次感；一字肩展现锁骨与肩部肌肤，糅合荷叶边，散发女性魅力。,本品使用镂空组织面料制成，使用时需温和对待，请注意避开尖利物品的勾刺、挂扯，按照洗护标识洗涤，以防止纱支破损。,宽松,适中
衬衫,1GY2011410090,"网纱两件套衬衫",米白,"639","639",轻透网纱面料制作，隐约展现肌肤，浪漫又迷人；搭配无袖T恤形成两件套款式，实用好穿，别具层次感；一字肩展现锁骨与肩部肌肤，糅合荷叶边，散发女性魅力。,本品使用镂空组织面料制成，使用时需温和对待，请注意避开尖利物品的勾刺、挂扯，按照洗护标识洗涤，以防止纱支破损。,宽松,适中
衬衫,1GY2011410720,"网纱两件套衬衫",米白,"639","639",轻透网纱面料制作，隐约展现肌肤，浪漫又迷人；搭配无袖T恤形成两件套款式，实用好穿，别具层次感；一字肩展现锁骨与肩部肌肤，糅合荷叶边，散发女性魅力。,本品使用镂空组织面料制成，使用时需温和对待，请注意避开尖利物品的勾刺、挂扯，按照洗护标识洗涤，以防止纱支破损。,宽松,适中
衬衫,1GY2011530018,"拼褶绑带中袖衬衫",白色,"499","499",拼接绑带与褶皱peplum，时髦淑女印象摩登演绎，俏丽吸睛；碎褶泡泡中袖剪裁，融入甜美与典雅气息，散发优雅韵味；精选高含棉材质，柔软亲肤，穿着舒适大方。,棉100%,合体,适中
衬衫,1GY2011650090,"一字印花丝绵衬衫",黑色,"669","669",露肩一字领型，轻展香肩肌肤，透漏时髦性感魅力；复古小碎花图案点缀，怡人清爽气息扑面而来，让人一见难忘；采用桑蚕丝+棉材质，富有光泽感，质地细腻，穿着亲肤舒爽。,棉68.5% 桑蚕丝31.5%,宽松,适中
衬衫,1GY2011650160,"一字印花丝绵衬衫",黑色,"669","669",露肩一字领型，轻展香肩肌肤，透漏时髦性感魅力；复古小碎花图案点缀，怡人清爽气息扑面而来，让人一见难忘；采用桑蚕丝+棉材质，富有光泽感，质地细腻，穿着亲肤舒爽。,棉68.5% 桑蚕丝31.5%,宽松,适中
衬衫,1GY2012020010,"荷叶镂空套装衬衫",米白,"739","739",衬衫+背心两件套装，叠穿演绎摩登层次，气质吸睛；袖口下摆拼接褶皱荷叶，柔美灵动跃然而生，尽展浪漫魅力；选用复古蕾丝面料，带来精致格调，让人眼前一亮。,本品采用纱支组织疏松型面料，在使用过程中，纱支因摩擦会有少量抽出，此为正常现象；请注意避开尖利物品的勾刺、挂扯，按照洗护标识洗涤，以防止纱支破损。,合体,适中
衬衫,1GY2012240010,"花边领拼荷叶衬衫",米白,"799","799",领口碎褶构筑浪漫花边领，复古摩登感跃然而生；拼接荷叶边装饰，散发时髦柔美气质；精选条纹蕾丝面料，别具典雅大气特质。,本品采用纱支组织疏松型面料，在使用过程中，纱支因摩擦会有少量抽出，此为正常现象；请注意避开尖利物品的勾刺、挂扯，按照洗护标识洗涤，以防止纱支破损。,宽松,适中
衬衫,1GY2012240620,"花边领拼荷叶衬衫",米白,"799","799",领口碎褶构筑浪漫花边领，复古摩登感跃然而生；拼接荷叶边装饰，散发时髦柔美气质；精选条纹蕾丝面料，别具典雅大气特质。,本品采用纱支组织疏松型面料，在使用过程中，纱支因摩擦会有少量抽出，此为正常现象；请注意避开尖利物品的勾刺、挂扯，按照洗护标识洗涤，以防止纱支破损。,宽松,适中
衬衫,1GZ2018550920,"系带条纹短袖衬衫",蓝白条,"499","499",选用清新素雅条纹印花，俏皮吸睛，打造青春活力感；V领设计+拼接系带，衬托精致脸型，巧妙增添衣衫细节；甄选高含棉量面料，柔软亲肤，穿着舒适大方。,棉100%,宽松,适中
衬衫,1GZ2019240920,"蕾丝透视条纹衬衫",蓝白条,"439","439",肩位拼接透视蕾丝勾勒出清晰图案，肌肤若隐若现，浪漫迷人；重新演绎条纹元素，糅合清新色调，散发活力气息；衣摆可系带设计，衬托出休闲特质，俏丽时尚。,"棉100%
撞料:聚酯纤维100%",宽松,适中
衬衫,1GZ2019280000,"挂脖荷叶雪纺衬衫",漂白,"499","499",挂脖式糅合绑带设计，衬托优雅大方气质，尽显魅力；荷叶边+露肩，展现出迷人锁骨，浪漫而性感；选用雪纺面料制作，质感柔和清爽，穿着舒适。,"聚酯纤维100%
里料:聚酯纤维100%",宽松,适中
衬衫,1GZ2019280180,"挂脖荷叶雪纺衬衫",漂白,"499","499",挂脖式糅合绑带设计，衬托优雅大方气质，尽显魅力；荷叶边+露肩，展现出迷人锁骨，浪漫而性感；选用雪纺面料制作，质感柔和清爽，穿着舒适。,"聚酯纤维100%
里料:聚酯纤维100%",宽松,适中
衬衫,1GZ2019280480,"挂脖荷叶雪纺衬衫",漂白,"499","499",挂脖式糅合绑带设计，衬托优雅大方气质，尽显魅力；荷叶边+露肩，展现出迷人锁骨，浪漫而性感；选用雪纺面料制作，质感柔和清爽，穿着舒适。,"聚酯纤维100%
里料:聚酯纤维100%",宽松,适中
衬衫,1GZ2019380000,"褶皱挖空中袖衬衫",漂白,"539","539",肩位拼接褶皱花边，流畅线条感柔美大方，衬托出优雅气质；挖空+百褶袖设计，颇有几分性感气息又不失端庄感，魅力加分；选取雪纺面料，质感柔和清爽，带来舒适穿着体验。,"聚酯纤维100%
里料:聚酯纤维100%",合体,适中
衬衫,1GZ2019380090,"褶皱挖空中袖衬衫",漂白,"539","539",肩位拼接褶皱花边，流畅线条感柔美大方，衬托出优雅气质；挖空+百褶袖设计，颇有几分性感气息又不失端庄感，魅力加分；选取雪纺面料，质感柔和清爽，带来舒适穿着体验。,"聚酯纤维100%
里料:聚酯纤维100%",合体,适中
衬衫,1GZ2019470018,"斜肩绑带短袖T恤",白色,"399","399",露肩+拼接绑带，加入钉珠点缀，散发性感魅力，同时尽显细节巧思；单边蝙蝠袖设计，修饰手臂线条，增添复古个性特质；选取雪纺面料，质感柔和，带来舒适清爽感。,"聚酯纤维100%
里料:聚酯纤维100%",宽松,适中
衬衫,1GZ2019470090,"斜肩绑带短袖T恤",白色,"399","399",露肩+拼接绑带，加入钉珠点缀，散发性感魅力，同时尽显细节巧思；单边蝙蝠袖设计，修饰手臂线条，增添复古个性特质；选取雪纺面料，质感柔和，带来舒适清爽感。,"聚酯纤维100%
里料:聚酯纤维100%",宽松,适中
衬衫,1GZ2019470590,"斜肩绑带短袖T恤",白色,"399","399",露肩+拼接绑带，加入钉珠点缀，散发性感魅力，同时尽显细节巧思；单边蝙蝠袖设计，修饰手臂线条，增添复古个性特质；选取雪纺面料，质感柔和，带来舒适清爽感。,"聚酯纤维100%
里料:聚酯纤维100%",宽松,适中
衬衫,1GZ2019480010,"一字花边短袖衬衫",米白,"399","399",弹性一字肩设计，展露出肩部肌肤与迷人锁骨，散发女性魅力；袖口与下摆拼接镂空花边，增添浪漫优雅特质；选取全棉贡缎面料，质感柔和，亲肤透气。,"棉100%
花边:棉100%",宽松,适中
衬衫,1GZ2019480520,"一字花边短袖衬衫",米白,"399","399",弹性一字肩设计，展露出肩部肌肤与迷人锁骨，散发女性魅力；袖口与下摆拼接镂空花边，增添浪漫优雅特质；选取全棉贡缎面料，质感柔和，亲肤透气。,"棉100%
花边:棉100%",宽松,适中
衬衫,1GY2011340010,"荷叶印花雪纺衬衫",米白,"639","639",中长宽松轮廓构筑，轻松修饰身材小秘密，尤显窈窕高挑；荷叶褶皱领呼应肩位与袖口层次荷叶边，灵动柔美又不失优雅感；不对称挖空设计，带来些许不羁与个性，尽展魅力与自信。,聚酯纤维100%,宽松,中长
衬衫,1GH2015080000,"压褶泡泡袖衬衫",漂白,"899","899",压褶橡筋打造泡泡袖效果，复古吸睛，尽显摩登气场；V领设计经典大方，衬托精致脸型，时髦端庄；选用高密棉质面料，兼具亲肤性与透气性，舒适好穿。,棉100%,合体,中长
衬衫,1GH2015180018,"两件套欧根纱衬衫",白色,"1390","1390",罩衫+吊带背心套装，演绎时尚层次，散发淑雅魅力；欧根纱绣花面料打造，立体质感更具价值感。,本品使用轻薄面料，在穿着使用时需轻缓，避免绷扯及穿刺，切不可搓揉及绞拧，以防对面料造成损坏。,修身,适中
衬衫,1GH2015230596,"钉珠长袖衬衫套装",浅灰绿,"899","899",,1、本品采用新型特殊组织，洗涤后会有少许收缩现象，机洗时请使用网袋；,宽松,适中
衬衫,1GH2015480880,"两件套贴布绣衬衫",浅杏,"699","699",薄罩衫+背心两件套，构筑摩登层次，演绎都会淑雅魅力；花边领型呼应袖口与下摆睫毛蕾丝，柔美浪漫气息盛情绽放，优雅吸睛；精选透视蕾丝面料，轻展肌肤，健康性感。,"锦纶100%
花边:聚酯纤维100%",合体,适中
衬衫,1GY2010140018,"拼接镂空贴花衬衫",白色,"599","599",中长剪裁+落肩宽松轮廓，巧妙修饰身材小秘密，利落显瘦；以独特镂空贴花展现，肌肤若隐若现，散发柔美性感魅力；婉约中袖袖长，展露修长小臂，视觉延伸上半身长度，尤显高挑迷人；选用高含棉量面料，柔软亲肤，穿着摩登又舒适。,"棉100%
花边:聚酯纤维100%",宽松,中长
衬衫,1GY2011080018,"一字荷叶印花衬衫",白色,"539","539",一字肩展露出锁骨肌肤，融合蝴蝶结挂脖设计，性感迷人；荷叶边点缀，呈现出流畅线条感，柔美优雅；亮眼色调印花铺满整件衣衫，演绎着青春俏丽气息。,印花面料随机裁剪，实物图案位置与图片中的可能稍有不同，请以收到的实物为准。,合体,适中
衬衫,1GY2011110920,"拼接镂空中袖衬衫",蓝白条,"569","569",肩位拼接透视蕾丝，稍显露肤，轻展性感时髦魅力；镂空中袖剪裁，巧妙修饰手臂线条，尤显窈窕显瘦；大身选用高含棉量提花布料，手感柔韧立体，穿着舒爽大方。,"棉100%
撞料:锦纶、聚酯纤维、氨纶",宽松,适中
衬衫,1GY2011110994,"拼接镂空中袖衬衫",蓝白条,"569","569",肩位拼接透视蕾丝，稍显露肤，轻展性感时髦魅力；镂空中袖剪裁，巧妙修饰手臂线条，尤显窈窕显瘦；大身选用高含棉量提花布料，手感柔韧立体，穿着舒爽大方。,"棉100%
撞料:锦纶、聚酯纤维、氨纶",宽松,适中
衬衫,1GY2011270018,"镂空荷叶蕾丝衬衫",白色,"799","799",褶皱花边领+丝绒飘带，典雅温婉气息跃然而生，让人一见难忘；肩位拼接镂空蕾丝，肌肤若隐若现，散发些许性感气息；拼接荷叶边，灵动又不失摩登感，俏丽吸睛。,本品采用纱支组织疏松型面料，在使用过程中，纱支因摩擦会有少量抽出，此为正常现象；请注意避开尖利物品的勾刺、挂扯，按照洗护标识洗涤，以防止纱支破损。,合体,适中
衬衫,1GY2011280010,"一字雪纺中袖衬衫",米白,"439","439",一字露肩剪裁，轻展肌肤与香肩，魅力吸睛；泡泡抓袖设计加入中袖袖长，婉约又不失俏丽感，更展时髦优雅；选用轻柔雪纺皱面料，透视质感，肌肤若隐若现，性感迷人。,"聚酯纤维100%
里料:聚酯纤维95% 氨纶5%",宽松,适中
衬衫,1GY2011280621,"一字雪纺中袖衬衫",米白,"439","439",一字露肩剪裁，轻展肌肤与香肩，魅力吸睛；泡泡抓袖设计加入中袖袖长，婉约又不失俏丽感，更展时髦优雅；选用轻柔雪纺皱面料，透视质感，肌肤若隐若现，性感迷人。,"聚酯纤维100%
里料:聚酯纤维100%",宽松,适中
衬衫,1GY2011340410,"荷叶印花雪纺衬衫",米白,"639","639",中长宽松轮廓构筑，轻松修饰身材小秘密，尤显窈窕高挑；荷叶褶皱领呼应肩位与袖口层次荷叶边，灵动柔美又不失优雅感；不对称挖空设计，带来些许不羁与个性，尽展魅力与自信。,聚酯纤维100%,宽松,中长
衬衫,1GY2011400920,"拼接镂空条纹衬衫",蓝白条,"599","599",中长剪裁+落肩宽松轮廓，巧妙修饰身材小秘密，利落显瘦；镂空贴花设计是本款卖点，独特镂空花纹下肌肤若隐若现，散发柔美性感魅力；婉约中袖袖长，展露修长小臂，视觉延伸上半身长度，尤显高挑迷人；选用色织条纹棉布，柔软亲肤，穿着摩登又舒适。,"棉100%
花边:聚酯纤维100%",宽松,中长
衬衫,1GY2011480018,"一字V领中袖衬衫",白色,"439","439",露肩一字V领，展现锁骨线条，延伸上身比例，魅力显瘦；微泡泡中袖剪裁，视觉修饰身材小秘密，双臂更显纤细窈窕；仿珍珠镶钻钉扣装饰，为简约衣衫平添优雅精致感，散发典雅大方气息；精选高含棉材质面料，柔软透气，穿着舒爽得体。,棉100%,宽松,适中
衬衫,1GY2011480690,"一字V领中袖衬衫",白色,"439","439",露肩一字V领，展现锁骨线条，延伸上身比例，魅力显瘦；微泡泡中袖剪裁，视觉修饰身材小秘密，双臂更显纤细窈窕；仿珍珠镶钻钉扣装饰，为简约衣衫平添优雅精致感，散发典雅大方气息；精选高含棉材质面料，柔软透气，穿着舒爽得体。,棉100%,宽松,适中
衬衫,1GY2011500018,"一字领荷叶边衬衫",白色,"799","799",一字露肩设计，融入荷叶边领口，兼具浪漫性感气息，让人一见难忘；波浪边下摆和镂空设计，散发小清新格调；选用舒爽纯棉材质，柔软亲肤，穿搭得体大方。,"棉100%
里料:棉100%",宽松,短款
衬衫,1GY2011610010,"中长刺绣长袖衬衫",米白,"569","569",以中长宽松轮廓打造，修饰身材小秘密，利落显瘦；刺绣卡通+毛巾绣字母，立体质感更显摩登层次，带来率性波普活力；精选高含棉量丝光布料，舒爽透气，穿着得体大方。,"棉100%(绣花线除外)
里料:聚酯纤维100%",宽松,中长
衬衫,1GY2011610133,"中长刺绣长袖衬衫",米白,"569","569",以中长宽松轮廓打造，修饰身材小秘密，利落显瘦；刺绣卡通+毛巾绣字母，立体质感更显摩登层次，带来率性波普活力；精选高含棉量丝光布料，舒爽透气，穿着得体大方。,"棉100%(绣花线除外)
里料:聚酯纤维100%",宽松,中长
衬衫,1GY2011670018,"拼接绑带抹胸背心",白色,"339","339",下摆拼接绑带，视觉修饰身材小缺陷，又不乏摩登感，时髦显瘦；短款修身轮廓，巧妙重塑身材比例，尤显高挑窈窕；抹胸一字领型设计，轻展香肩、延伸手臂线条，性感迷人。,本品采用纱支组织疏松型面料，在使用过程中，纱支因摩擦会有少量抽出，此为正常现象；请注意避开尖利物品的勾刺、挂扯，按照洗护标识洗涤，以防止纱支破损。,修身,超短
衬衫,1GY2011670090,"拼接绑带抹胸背心",白色,"339","339",下摆拼接绑带，视觉修饰身材小缺陷，又不乏摩登感，时髦显瘦；短款修身轮廓，巧妙重塑身材比例，尤显高挑窈窕；抹胸一字领型设计，轻展香肩、延伸手臂线条，性感迷人。,本品采用纱支组织疏松型面料，在使用过程中，纱支因摩擦会有少量抽出，此为正常现象；请注意避开尖利物品的勾刺、挂扯，按照洗护标识洗涤，以防止纱支破损。,修身,超短
衬衫,1GY2012520010,"荷叶绑带雪纺衬衫",米白,"599","599",V领绑带+荷叶边装饰，散发浪漫气质，柔美绽放；双肩后幅拼接镂空，小幅度露肤，视觉吸睛；泡泡抓袖巧妙修饰双臂线条，魅力显瘦；选用轻柔飘逸雪纺料，柔滑舒爽，穿着得体大方。,"聚酯纤维100%
里料:聚酯纤维100%",宽松,适中
衬衫,1GY2012520760,"荷叶绑带雪纺衬衫",米白,"599","599",V领绑带+荷叶边装饰，散发浪漫气质，柔美绽放；双肩后幅拼接镂空，小幅度露肤，视觉吸睛；泡泡抓袖巧妙修饰双臂线条，魅力显瘦；选用轻柔飘逸雪纺料，柔滑舒爽，穿着得体大方。,"聚酯纤维100%
里料:聚酯纤维100%",宽松,适中
衬衫,1GC2013670943,"收腰格子短袖衬衫",红白格,"569","569",清新色调格子图案，复古又不失俏丽，青春减龄；宽袖设计颇具线条感，带来几分柔美气息；收腰轮廓+后拉链，修饰出身材曲线，巧妙显瘦。,棉100%,合体,适中
衬衫,1GC2013960510,"短款一字印花衬衫",绿色,"569","569",短款宽松轮廓剪裁，巧妙重塑身材比例，高挑迷人；一字露肩领型轻展香肩，展露纤细锁骨，魅力显瘦；波普感印花尽展清爽活力，时髦减龄。,"聚酯纤维100%
里料:聚酯纤维100%",宽松,短款
衬衫,1GC2013970018,"拼褶荷叶长袖衬衫",白色,"539","539",翻折荷叶领碰撞不对称露肩，柔美浪漫魅力轻松演绎；左肩车缝蝴蝶结织带，摩登个性设计装饰衣衫，时髦吸睛；插肩袖拼百褶，以喇叭轮廓勾勒，契合大热时尚，尤显潮流格调。,聚酯纤维100%,宽松,适中
衬衫,1GC2013970090,"拼褶荷叶长袖衬衫",白色,"539","539",翻折荷叶领碰撞不对称露肩，柔美浪漫魅力轻松演绎；左肩车缝蝴蝶结织带，摩登个性设计装饰衣衫，时髦吸睛；插肩袖拼百褶，以喇叭轮廓勾勒，契合大热时尚，尤显潮流格调。,聚酯纤维100%,宽松,适中
衬衫,1GC2013970180,"拼褶荷叶长袖衬衫",白色,"539","539",翻折荷叶领碰撞不对称露肩，柔美浪漫魅力轻松演绎；左肩车缝蝴蝶结织带，摩登个性设计装饰衣衫，时髦吸睛；插肩袖拼百褶，以喇叭轮廓勾勒，契合大热时尚，尤显潮流格调。,聚酯纤维100%,宽松,适中
衬衫,1GZ2019110000,"绑带喇叭袖衬衫",漂白,"399","399",荷叶边打造喇叭袖，线条流畅，带来复古柔美气息；加入绑带设计，衬托出几分街头气息，时髦加分；大圆领口，恰到好处展露锁骨，凸显大方端庄气质。,"聚酯纤维100%
里料:聚酯纤维100%",宽松,适中
衬衫,1GZ2019140920,"条纹绑带长袖衬衫",蓝白条,"639","639",收腰绑带设计，增强衣衫时髦气息，显瘦而又摩登；经典条纹元素，色调清新，颇有几分俏丽感；不对称衣摆彰显设计感，休闲随性又不失个性。,棉100%,合体,中长
衬衫,1GZ2019140970,"条纹绑带长袖衬衫",蓝白条,"639","639",收腰绑带设计，增强衣衫时髦气息，显瘦而又摩登；经典条纹元素，色调清新，颇有几分俏丽感；不对称衣摆彰显设计感，休闲随性又不失个性。,棉100%,合体,中长
衬衫,1GZ2019360600,"印花荷叶雪纺衬衫",蓝色,"499","499",整件铺满撞色花朵印花，色调靓丽，弥漫着清新浪漫气息；袖口拼接荷叶边，打造微喇叭效果，柔美不失摩登感；小立领设计，带来几分利落感，轻松打造都会干练印象。,"聚酯纤维100%
里料:聚酯纤维100%",合体,适中
衬衫,1GZ2019370018,"一字肩喇叭袖衬衫",白色,"439","439",弹性一字肩，穿着方便舒适，展露出性感锁骨，优雅迷人；喇叭袖修饰手臂线条，行走间增添飘逸感，复古摩登；拼接毛球赋予衣衫轻松俏丽感，时髦减龄。,"聚酯纤维100%
里料:聚酯纤维100%",宽松,适中
衬衫,1GZ2019370180,"一字肩喇叭袖衬衫",白色,"439","439",弹性一字肩，穿着方便舒适，展露出性感锁骨，优雅迷人；喇叭袖修饰手臂线条，行走间增添飘逸感，复古摩登；拼接毛球赋予衣衫轻松俏丽感，时髦减龄。,"聚酯纤维100%
里料:聚酯纤维100%",宽松,适中
衬衫,1GZ2019370690,"一字肩喇叭袖衬衫",白色,"439","439",弹性一字肩，穿着方便舒适，展露出性感锁骨，优雅迷人；喇叭袖修饰手臂线条，行走间增添飘逸感，复古摩登；拼接毛球赋予衣衫轻松俏丽感，时髦减龄。,"聚酯纤维100%
里料:聚酯纤维100%",宽松,适中
衬衫,1GZ2019390920,"刺绣系带条纹衬衫",蓝白条,"599","599",蝴蝶刺绣布满衣衫，工艺精致，带来几分优雅大气感；蓝白条纹乃时尚界不衰元素，色调清新，时髦减龄；衣摆绑带设计，赋予衣衫几分休闲感，轻松打造时髦出街look。,棉100%,宽松,适中
衬衫,1GZ2019530010,"金属圆环中袖衬衫",米白,"599","599",后领金属圆环+镂空，别具个性，尽显新潮时髦气息；微喇叭袖修饰手臂线条，同时带来复古摩登感，优雅大气；甄选棉质贡缎面料，手感柔滑舒适，彰显品牌价值感。,棉100%,宽松,适中
衬衫,1GZ2019530133,"金属圆环中袖衬衫",米白,"599","599",后领金属圆环+镂空，别具个性，尽显新潮时髦气息；微喇叭袖修饰手臂线条，同时带来复古摩登感，优雅大气；甄选棉质贡缎面料，手感柔滑舒适，彰显品牌价值感。,棉100%,宽松,适中
衬衫,1GZ2018570710,"荷叶喇叭雪纺衬衫",紫色,"469","469",拼接荷叶边打造微喇叭袖口，线条感分明，散发柔美优雅气质；袖子轻微透视效果，大方又不乏迷人气息；小立领设计，修饰颈部线条，衬托出都会干练特质。,"聚酯纤维100%
里料:聚酯纤维100%",合体,适中
衬衫,1GZ2019110710,"绑带喇叭袖衬衫",漂白,"399","399",荷叶边打造喇叭袖，线条流畅，带来复古柔美气息；加入绑带设计，衬托出几分街头气息，时髦加分；大圆领口，恰到好处展露锁骨，凸显大方端庄气质。,"聚酯纤维100%
里料:聚酯纤维100%",宽松,适中
衬衫,1GC1014820000,"一字肩绑带棉衬衫",漂白,"539","539",大一字肩将肩部肌肤与锁骨展现，性感迷人，尽显女性魅力；胸前交叉绑带呈现出轻微镂空效果，复古优雅；些许蓬松感打造微泡泡袖效果，展现摩登时髦范儿。,棉 100%,修身,短款
衬衫,1GY1011940018,"荷叶V领短袖衬衫",白色,"539","539",袖口加入双层压褶荷叶边，丰富衣衫层次，尽显复古优雅气息；V型领口结合开襟纽扣，整体经典又不失时尚，随性大方；纯棉材质+宽松版型，亲肤透气，穿着轻松舒适。,棉100%,宽松,中长
衬衫,1GY1011940510,"荷叶V领短袖衬衫",白色,"539","539",袖口加入双层压褶荷叶边，丰富衣衫层次，尽显复古优雅气息；V型领口结合开襟纽扣，整体经典又不失时尚，随性大方；纯棉材质+宽松版型，亲肤透气，穿着轻松舒适。,棉100%,宽松,中长
衬衫,1GY1011950000,"一字挂袖雪纺衬衫",漂白,"499","499",大镂空挂袖设计，呈现出如舞服效果，复古与新潮碰撞出个性火花；双层设计打造层次感，增添优雅气息，灵动迷人；一字领端庄大方，凸显都会女性婉约自信印象。,本品采用桑蚕丝制成，因面料因光滑度好，在使用过程中切忌钩挂尖刺，以防纱支损伤；此天然蛋白质原料，只可使用干洗或单独轻柔手洗，切忌揉搓，务必使用丝毛专用洗涤剂，轻柔对待，以防脱色及活性被破坏；汗渍亦会对原料造成损伤，请小心避免；请与其它衣物分开储存，不可压折。,合体,适中
衬衫,1GY1011950130,"一字挂袖雪纺衬衫",漂白,"499","499",大镂空挂袖设计，呈现出如舞服效果，复古与新潮碰撞出个性火花；双层设计打造层次感，增添优雅气息，灵动迷人；一字领端庄大方，凸显都会女性婉约自信印象。,本品采用桑蚕丝制成，因面料因光滑度好，在使用过程中切忌钩挂尖刺，以防纱支损伤；此天然蛋白质原料，只可使用干洗或单独轻柔手洗，切忌揉搓，务必使用丝毛专用洗涤剂，轻柔对待，以防脱色及活性被破坏；汗渍亦会对原料造成损伤，请小心避免；请与其它衣物分开储存，不可压折。,合体,适中
衬衫,1GY1012070018,"运动风薄长袖衬衫",白色,"569","569",风衣料轻透顺滑，别致质感具未来时尚感，演绎街头新潮印象；连帽+金属拉链设计，休闲随性，打造轻松运动风；袖口+衣摆采用弹性橡筋设计，轻松穿着，别具风格。,聚酯纤维100%,宽松,适中
衬衫,1GY1012070410,"运动风薄长袖衬衫",白色,"569","569",风衣料轻透顺滑，别致质感具未来时尚感，演绎街头新潮印象；连帽+金属拉链设计，休闲随性，打造轻松运动风；袖口+衣摆采用弹性橡筋设计，轻松穿着，别具风格。,聚酯纤维100%,宽松,适中
衬衫,1GY1012380920,"斜肩荷叶条纹衬衫",蓝白条,"699","699",双层荷叶边设计，波动线条增强衣衫层次感，颇有几分甜美气息；斜肩露肩展现锁骨肌肤，性感又不失大方，时髦迷人；蓝白条纹乃时尚界不衰元素，色调清新，俏丽脱俗。,棉100%,合体,适中
衬衫,1GY1012430000,"拼接荷叶绑带衬衫",漂白,"499","499",衣襟加入荷叶边，呈现出流畅线条感，优雅柔美，颇有几分清新少女感；V领+灵活绑带，适当展露出颈部肌肤，迷人又端庄；衣摆与袖口皆采用弹性橡筋设计，收腰显瘦，平添时髦复古气息。,"聚酯纤维100%
里料:聚酯纤维100%",合体,适中
衬衫,1GY1012430130,"荷叶系带雪纺衬衫",漂白,"499","499",衣襟加入荷叶边，呈现出流畅线条感，优雅柔美，颇有几分清新少女感；V领+灵活绑带，适当展露出颈部肌肤，迷人又端庄；衣摆与袖口皆采用弹性橡筋设计，收腰显瘦，平添时髦复古气息。,"聚酯纤维100%
里料:聚酯纤维100%",合体,适中
衬衫,1GY1012460510,"荷叶印花长袖衬衫",绿色,"539","539",整件铺满花朵印花，深浅色调互相融合，尽显复古与浪漫感；拼接荷叶边带来柔美线条感，散发优雅气息；中长版型大方随性，打造都会女性摩登自信印象。,本品采用纱支组织疏松型面料，在使用过程中，纱支因摩擦会有少量抽出，此为正常现象；请注意避开尖利物品的勾刺、挂扯，按照洗护标识洗涤，以防止纱支破损。,合体,中长
衬衫,1GY1012680018,"刺绣流苏系带衬衫",白色,"899","899",多彩花朵+水果印花，瞬间点亮视觉效果，别具浪漫复古风情；袖子与领口加入贴布花边，呼应流苏系带，奔放轻松，演绎休闲度假风；七分袖长延伸手臂线条，整体感觉大方时尚。,"棉100%(绣花线除外)
网里:聚酯纤维100%",宽松,适中
衬衫,1GY1014170955,"绑带褶皱格子衬衫",蓝白格,"539","539",袖子采用车缝褶皱设计，层叠效果尽显个性，打造摩登时髦造型；腰间搭配固定绑带，增强美感，同时俏丽减龄；采用细格子元素制作，兼具复古感与青春气息。,棉96.6% 氨纶0.4% 其他纤维3%,合体,适中
衬衫,1GY1014170964,"绑带褶皱格子衬衫",蓝白格,"539","539",袖子采用车缝褶皱设计，层叠效果尽显个性，打造摩登时髦造型；腰间搭配固定绑带，增强美感，同时俏丽减龄；采用细格子元素制作，兼具复古感与青春气息。,棉96.6% 氨纶0.4% 其他纤维3%,合体,适中
衬衫,1GH1016630018,"褶皱绣花长袖衬衫",白色,"1290","1290",拼接大幅水溶绣花，勾勒出精致花朵图案，散发浪漫优雅气息；拼接压褶袖口颇具层次，清新柔美又减龄；纯色宽松衣款，与多种风格下装皆可搭配，打造时髦look。,"聚酯纤维100%
里料:聚酯纤维100%
花边:棉70.1% 锦纶29.9%",宽松,适中
衬衫,1GH1016630180,"褶皱绣花长袖衬衫",白色,"1290","1290",拼接大幅水溶绣花，勾勒出精致花朵图案，散发浪漫优雅气息；拼接压褶袖口颇具层次，清新柔美又减龄；纯色宽松衣款，与多种风格下装皆可搭配，打造时髦look。,"聚酯纤维100%
里料:聚酯纤维100%
花边:棉70.1% 锦纶29.9%",宽松,适中
衬衫,1GC1014300000,"荷叶压褶长袖衬衫",漂白,"599","599",压褶荷叶领边呈现出流畅线条感，增添端庄优雅感，尽显气质；轻微灯笼袖修饰手臂线条，隐藏手臂小秘密，更衬托出几分复古宫廷风；纯色衬衫款大方好搭，棉材质制作亲肤舒适。,棉100%,宽松,适中
衬衫,1GC1013570016,"中长条纹长袖衬衫",白黑条,"769","769",经典条纹衬衫，与多种风格衣衫皆轻松搭配，不过时又具造型可能性；灵活袖袢可随意调节束起，尽显设计巧思，别具个性；中长宽松款式，随性大方，散发轻松活力感。,棉100%,宽松,中长
衬衫,1GC1014730090,"蕾丝打底吊带背心",黑色,"599","599",蕾丝面料勾勒出精致花朵纹路，凸显女性优雅气质，浪漫迷人；吊带露肩款式，展露出迷人肌肤与锁骨，散发性感魅力；修身背心衣款轻松搭配，做内搭或外穿皆可，演绎多变造型。,"锦纶62.7% 棉37.3%
里料:人棉59% 尼龙35% 氨纶6%",修身,短款
衬衫,1GC1014730620,"蕾丝打底吊带背心",黑色,"599","599",蕾丝面料勾勒出精致花朵纹路，凸显女性优雅气质，浪漫迷人；吊带露肩款式，展露出迷人肌肤与锁骨，散发性感魅力；修身背心衣款轻松搭配，做内搭或外穿皆可，演绎多变造型。,"锦纶62.7% 棉37.3%
里料:人棉59% 尼龙35% 氨纶6%",修身,短款
衬衫,1GF1015310090,"透视镂空吊带背心",漂白,"369","369",契合大热解构时尚，以简约线条勾勒衣衫，别具摩登个性特质，让人一见难忘；不规则拼接镂空设计，仿若性感裙装，散发都会女人味；可调节肩带与扣件，紧贴玲珑身姿，尽展优雅迷人印象。,本品采用纱支组织疏松型面料，在使用过程中，纱支因摩擦会有少量抽出，此为正常现象；请注意避开尖利物品的勾刺、挂扯，按照洗护标识洗涤，以防止纱支破损。,修身,长款
衬衫,1GF1015040000,"拼荷叶两件套衬衫",漂白,"669","669",吊带背心+镂空罩衫两件套，构筑层次艺术，时髦亮眼；拼接荷叶边领口和前幅，增添柔美浪漫气息，演绎淑女迷人姿态；选用轻透蕾丝面料，带来复古情调，气质吸睛。,本品由于面料特性及款式风格，边缘为直接切边，无锋线，请轻柔手洗，边缘处不可揉搓，洗涤后边缘处会有少量纱线散出，会有少量白色未染色的白色纱线漏出，属正常现象，不属于质量问题，此问题不接受退货。,合体,适中
衬衫,1GF1015040090,"拼荷叶两件套衬衫",漂白,"669","669",吊带背心+镂空罩衫两件套，构筑层次艺术，时髦亮眼；拼接荷叶边领口和前幅，增添柔美浪漫气息，演绎淑女迷人姿态；选用轻透蕾丝面料，带来复古情调，气质吸睛。,本品由于面料特性及款式风格，边缘为直接切边，无锋线，请轻柔手洗，边缘处不可揉搓，洗涤后边缘处会有少量纱线散出，会有少量白色未染色的白色纱线漏出，属正常现象，不属于质量问题，此问题不接受退货。,合体,适中
衬衫,1GF1015060000,"吊带斜肩抽绳衬衫",漂白,"699","699",斜肩吊带+一字翻领设计，轻展锁骨，散发性感迷人气息；后幅收腰抽绳，勾勒玲珑身姿，尽展高挑窈窕；选用高含棉材质打造，穿着亲肤舒爽，得体大方。,洗涤前请拆卸肩带，以免损坏,宽松,中长
衬衫,1GF1015060090,"吊带斜肩抽绳衬衫",漂白,"699","699",斜肩吊带+一字翻领设计，轻展锁骨，散发性感迷人气息；后幅收腰抽绳，勾勒玲珑身姿，尽展高挑窈窕；选用高含棉材质打造，穿着亲肤舒爽，得体大方。,洗涤前请拆卸肩带，以免损坏,宽松,中长
衬衫,1GF1015070000,"撞色印花长袖衬衫",漂白,"599","599",以中长落肩+宽松轮廓勾勒，巧妙藏起身材小秘密，摩登显瘦；下摆两侧弧度开叉细节，轻松打造不规则下摆形象，时髦吸睛；撞色印浆玫瑰点缀，提升造型潮流个性特质；选用高含棉量面料，穿着舒爽透气，得体大方。,棉100%,宽松,中长
衬衫,1GF1015220000,"拼接荷叶立领衬衫",漂白,"439","439",以中长宽松轮廓打造，轻松修饰身材小秘密，摩登显瘦；褶皱荷叶边立领，散发婉约淑女气息，让人印象深刻；选用高含棉量平纹布料，柔韧又亲肤。,棉100%,宽松,中长
衬衫,1GF1015250920,"一字吊带条纹衬衫",蓝白条,"769","769",一字翻领+露肩吊带，轻展肌肤，摩登又性感；以落肩宽松轮廓打造，巧妙修饰身材小秘密，时髦显瘦；经典条纹运用，散发浪漫海军风，让人印象深刻；选用舒适高好面料材质，柔韧亲肤，舒爽透气。,棉100%,宽松,适中
衬衫,1GF1015260920,"印花条纹长袖衬衫",蓝白条,"669","669",中长宽松轮廓，巧妙修饰身材小秘密，时髦显瘦；兼顾摩登潮流，不规则剪裁下摆格外亮眼，演绎率性休闲印象；后幅厚印胶字母点缀简约条纹，散发与别不同的个性魅力。,棉100%,宽松,中长
衬衫,1GF1015310000,"透视镂空吊带背心",漂白,"369","369",契合大热解构时尚，以简约线条勾勒衣衫，别具摩登个性特质，让人一见难忘；不规则拼接镂空设计，仿若性感裙装，散发都会女人味；可调节肩带与扣件，紧贴玲珑身姿，尽展优雅迷人印象。,本品采用纱支组织疏松型面料，在使用过程中，纱支因摩擦会有少量抽出，此为正常现象；请注意避开尖利物品的勾刺、挂扯，按照洗护标识洗涤，以防止纱支破损。,修身,长款
衬衫,1GF1015360090,"抹胸短款雪纺衬衫",黑色,"239","239",以crop top款式为设计灵感，短款抹胸衬衫轻展肌肤，健康又性感；领口和下摆加入褶皱贴车橡筋，穿着修身又清爽，时髦大方；选用缎面雪纺材质，亮泽柔韧，手感顺滑。,本品采用纱支组织疏松型面料，在使用过程中，纱支因摩擦会有少量抽出，此为正常现象；请注意避开尖利物品的勾刺、挂扯，按照洗护标识洗涤，以防止纱支破损。,贴身,超短
衬衫,1GF1015360130,"抹胸短款雪纺衬衫",黑色,"239","239",以crop top款式为设计灵感，短款抹胸衬衫轻展肌肤，健康又性感；领口和下摆加入褶皱贴车橡筋，穿着修身又清爽，时髦大方；选用缎面雪纺材质，亮泽柔韧，手感顺滑。,本品采用纱支组织疏松型面料，在使用过程中，纱支因摩擦会有少量抽出，此为正常现象；请注意避开尖利物品的勾刺、挂扯，按照洗护标识洗涤，以防止纱支破损。,贴身,超短
衬衫,1GY1012420320,"绑带立领挖空衬衫",银色,"569","569",气质立领设计，领口加入飘带，绑起蝴蝶结尽展摩登优雅印象；不对称挖空肩位，舒展手臂线条，视觉显瘦；选用亮光缎面材质，别具顺滑质感，手感柔软轻盈，穿着舒适亲肤。,本品采用纱支组织疏松型面料，在使用过程中，纱支因摩擦会有少量抽出，此为正常现象；请注意避开尖利物品的勾刺、挂扯，按照洗护标识洗涤，以防止纱支破损。,宽松,适中
衬衫,1GY1012420710,"绑带立领挖空衬衫",银色,"569","569",气质立领设计，领口加入飘带，绑起蝴蝶结尽展摩登优雅印象；不对称挖空肩位，舒展手臂线条，视觉显瘦；选用亮光缎面材质，别具顺滑质感，手感柔软轻盈，穿着舒适亲肤。,本品采用纱支组织疏松型面料，在使用过程中，纱支因摩擦会有少量抽出，此为正常现象；请注意避开尖利物品的勾刺、挂扯，按照洗护标识洗涤，以防止纱支破损。,宽松,适中
衬衫,1GY1012690018,"荷叶蕾丝长袖衬衫",白色,"699","699",领口拼接褶皱荷叶+百褶袖口，灵动摇曳，散发优雅气息；双袖透视设计，轻展肌肤，别具性感魅力；选用柔美蕾丝与轻盈雪纺碰撞，洋溢摩登淑女气息，时髦吸睛。,本品为原色洗水效果，首次穿着及洗涤会有轻微程度的掉色，属正常现象，建议新品洗涤一次后再穿着，反转单独或与同色衣物一同洗涤；避免接触浅色衣物，以防沾色。,宽松,适中
衬衫,1GY1012690090,"荷叶蕾丝长袖衬衫",白色,"699","699",领口拼接褶皱荷叶+百褶袖口，灵动摇曳，散发优雅气息；双袖透视设计，轻展肌肤，别具性感魅力；选用柔美蕾丝与轻盈雪纺碰撞，洋溢摩登淑女气息，时髦吸睛。,本品为原色洗水效果，首次穿着及洗涤会有轻微程度的掉色，属正常现象，建议新品洗涤一次后再穿着，反转单独或与同色衣物一同洗涤；避免接触浅色衣物，以防沾色。,宽松,适中
衬衫,1GZ1019350018,"蕾丝雪纺吊带背心",白色,"239","239",吊带背心款式展露出锁骨与后背肌肤，散发女性魅力，性感迷人；V领拼接蕾丝花边，增添些许浪漫气息，优雅大气；选用雪纺面料制作，手感轻柔温和，颇有几分清爽感。,本品采用特殊细纱支制作而成，在穿着使用时需小心爱护，避免指甲、金属等尖锐物品的勾刮，以防造成面料钩丝及刮痕。,合体,适中
衬衫,1GH1016220180,"中长开叉长袖衬衫",白色,"699","699",中长宽松轮廓，轻松修饰身材小秘密，时髦显瘦；前短后长剪裁，视觉延伸腿长，高挑迷人；后幅开叉设计，摆脱臃肿衣身，带来清爽活力气息。,棉100%,宽松,中长
衬衫,1GH1016240600,"喇叭袖桑蚕丝衬衫",粉红,"869","869",加长剪裁与喇叭轮廓袖型相得益彰，演绎时髦个性魅力；透明大纽扣装饰，提升造型摩登气息，打造潮流格调；选用亮泽桑蚕丝+棉质混纺，手感柔滑亲肤，舒爽透气。,"桑蚕丝52.7% 棉47.3%
里料:聚酯纤维100%",合体,适中
衬衫,1GY1011990018,"中长刺绣长袖衬衫",白色,"569","569",以中长宽松轮廓打造，轻松修饰身材小秘密，时髦显瘦；插肩+落肩设计，为简约衣衫增添摩登利落感；清新花朵刺绣，平添优雅精致气息；精选高含棉量府绸材质，穿着亲肤又透气。,棉100%(绣花线除外),宽松,中长
衬衫,1GY1011990979,"中长刺绣长袖衬衫",白色,"569","569",以中长宽松轮廓打造，轻松修饰身材小秘密，时髦显瘦；插肩+落肩设计，为简约衣衫增添摩登利落感；清新花朵刺绣，平添优雅精致气息；精选高含棉量府绸材质，穿着亲肤又透气。,棉100%(绣花线除外),宽松,中长
衬衫,1GY1012270018,"拼荷叶边刺绣衬衫",白色,"569","569",以落肩宽松轮廓勾勒，轻松修饰身材小秘密，时髦显瘦；拼接褶皱荷叶边，增添柔美浪漫气息；前幅立体繁花刺绣，演绎清新迷人印象；精选全棉府绸材质，穿着舒爽透气，得体大方。,棉100%(绣花线除外),宽松,适中
衬衫,1GY1012390018,"中长拼接腰封衬衫",白色,"699","699",大落肩设计，巧妙修饰双臂线条，掩盖身材小秘密；腰间拼接交叉绑带腰封，塑造纤腰印象和复古气息，魅力显瘦；选用亲肤纯棉材质，柔软舒爽，得体大气。,棉100%,合体,中长
衬衫,1GY1012390690,"中长拼接腰封衬衫",白色,"699","699",大落肩设计，巧妙修饰双臂线条，掩盖身材小秘密；腰间拼接交叉绑带腰封，塑造纤腰印象和复古气息，魅力显瘦；选用亲肤纯棉材质，柔软舒爽，得体大气。,棉100%,合体,中长
衬衫,1GY1012440018,"一字翻领拼接衬衫",白色,"639","639",一字翻领设计，轻展锁骨肩位线条，视觉延伸上半身，尤显高挑窈窕；融入拼接细节，于腰间加入两袖绑带，巧妙平衡宽松轮廓和纤细腰线，时髦显瘦；选用高含棉材质，透气舒爽，穿着柔韧舒适，得体大方。,棉100%(绣花线除外),宽松,适中
衬衫,1GY1012450090,"一字领泡泡袖衬衫",黑色,"499","499",中长宽松轮廓，轻松修饰身材小秘密，时髦显瘦；糅合一字领与字母吊带设计，轻展锁骨，展现摩登清爽气息；泡泡插肩袖细节，为造型增添俏皮可爱气息，俏丽迷人。,锦纶100%,宽松,中长
衬衫,1GY1012450180,"一字领泡泡袖衬衫",黑色,"499","499",中长宽松轮廓，轻松修饰身材小秘密，时髦显瘦；糅合一字领与字母吊带设计，轻展锁骨，展现摩登清爽气息；泡泡插肩袖细节，为造型增添俏皮可爱气息，俏丽迷人。,锦纶100%,宽松,中长
衬衫,1GY1013880090,"立领印花长袖衬衫",黑色,"699","699",小立领与橡筋下摆设计，复古感跃然而生，气质尽展；插肩+泡泡抓袖细节，巧妙修饰肩线和手臂线条，时髦显瘦；英伦风格子+浪漫印花图案，构筑都会感优雅淑女印象。,"聚酯纤维100%
里料:聚酯纤维100%",宽松,适中
衬衫,1GY1013950090,"薄款蕾丝绣花衬衫",黑色,"999","999",镂空透视处理，柔美肌肤若隐若现，散发都会女人味，时髦大气；菱格绣花点缀宽松衣衫，复古雕花般质感格外亮眼迷人，浪漫又唯美；选用蕾丝刺绣面料，轻透宜人，构筑see-through画面，摩登吸睛。,本品采用纱支组织疏松型面料，在使用过程中，纱支因摩擦会有少量抽出，此为正常现象；请注意避开尖利物品的勾刺、挂扯，按照洗护标识洗涤，以防止纱支破损。,宽松,适中
衬衫,1GZ1019280018,"清新一字毛球衬衫",白色,"439","439", 一字肩展露出锁骨与肩部肌肤，性感迷人，散发优雅女性魅力；袖口与下摆拼接小毛球，颇有几分复古感，俏丽减龄；选取棉质面料制作，兼具亲肤性与透气性，穿着更舒适。,本品拼接毛球容易脱落，洗涤时不可拉扯，不可绞拧，不可揉搓，轻柔对待。,宽松,适中
衬衫,1GZ1019280180,"一字毛球中袖衬衫",白色,"439","439", 一字肩展露出锁骨与肩部肌肤，性感迷人，散发优雅女性魅力；袖口与下摆拼接小毛球，颇有几分复古感，俏丽减龄；选取棉质面料制作，兼具亲肤性与透气性，穿着更舒适。,本品拼接毛球容易脱落，洗涤时不可拉扯，不可绞拧，不可揉搓，轻柔对待。,宽松,适中
衬衫,1GZ1019280690,"一字毛球中袖衬衫",白色,"439","439", 一字肩展露出锁骨与肩部肌肤，性感迷人，散发优雅女性魅力；袖口与下摆拼接小毛球，颇有几分复古感，俏丽减龄；选取棉质面料制作，兼具亲肤性与透气性，穿着更舒适。,本品拼接毛球容易脱落，洗涤时不可拉扯，不可绞拧，不可揉搓，轻柔对待。,宽松,适中
衬衫,1GZ1019290090,"印花拼褶雪纺衬衫",黑色,"569","569",数码印花带来撞色效果，复古而不乏优雅特质；袖子拼接橡筋压褶，增添衣衫层次感，别致优雅；选用雪纺面料柔和清爽，袖子轻微透视效果更显迷人。,"聚酯纤维100%
里料:聚酯纤维100%",宽松,适中
衬衫,1GZ1019320923,"一字刺绣格子衬衫",黑白格,"669","669",一字肩展露出性感锁骨，散发迷人女性魅力；袖子镂空刺绣花纹精细别致，与袖口刺绣细节呼应，复古优雅；领口加入灵活绑带，凸显几分俏丽清新感。,棉100%(绣花线除外),宽松,适中
衬衫,1GZ1019320943,"一字刺绣格子衬衫",黑白格,"669","669",一字肩展露出性感锁骨，散发迷人女性魅力；袖子镂空刺绣花纹精细别致，与袖口刺绣细节呼应，复古优雅；领口加入灵活绑带，凸显几分俏丽清新感。,棉100%(绣花线除外),宽松,适中
衬衫,1GZ1019330010,"荷叶喇叭雪纺衬衫",米白,"539","539",拼接荷叶边环绕衣衫，线条柔美而立体，凸显优雅气质；喇叭袖遮挡手臂小秘密，增添几分飘逸感，复古摩登；V型领口衬托脸型，视觉上巧妙显瘦，恰到好处展露些许肌肤，大方迷人。,本品采用特殊细纱支制作而成，在穿着使用时需小心爱护，避免指甲、金属等尖锐物品的勾刮，以防造成面料钩丝及刮痕。,宽松,适中
衬衫,1GZ1019330180,"荷叶喇叭雪纺衬衫",米白,"539","539",拼接荷叶边环绕衣衫，线条柔美而立体，凸显优雅气质；喇叭袖遮挡手臂小秘密，增添几分飘逸感，复古摩登；V型领口衬托脸型，视觉上巧妙显瘦，恰到好处展露些许肌肤，大方迷人。,本品采用特殊细纱支制作而成，在穿着使用时需小心爱护，避免指甲、金属等尖锐物品的勾刮，以防造成面料钩丝及刮痕。,宽松,适中
衬衫,1GZ1019350090,"蕾丝雪纺吊带背心",白色,"239","239",吊带背心款式展露出锁骨与后背肌肤，散发女性魅力，性感迷人；V领拼接蕾丝花边，增添些许浪漫气息，优雅大气；选用雪纺面料制作，手感轻柔温和，颇有几分清爽感。,本品采用特殊细纱支制作而成，在穿着使用时需小心爱护，避免指甲、金属等尖锐物品的勾刮，以防造成面料钩丝及刮痕。,合体,适中
衬衫,1GZ1019350180,"蕾丝雪纺吊带背心",白色,"239","239",吊带背心款式展露出锁骨与后背肌肤，散发女性魅力，性感迷人；V领拼接蕾丝花边，增添些许浪漫气息，优雅大气；选用雪纺面料制作，手感轻柔温和，颇有几分清爽感。,本品采用特殊细纱支制作而成，在穿着使用时需小心爱护，避免指甲、金属等尖锐物品的勾刮，以防造成面料钩丝及刮痕。,合体,适中
衬衫,1GZ1013430090,"拼蕾丝两件套衬衫",黑色,"499","499",配搭吊带背心打造两件套款，省去穿搭烦恼，别具层次又时尚；拼接透视蕾丝，隐约展露肌肤，带来几分小性感；轻微泡泡袖效果，复古摩登，打造都会时髦造型。,本品采用纱支组织疏松型面料，在使用过程中，纱支因摩擦会有少量抽出，此为正常现象；请注意避开尖利物品的勾刺、挂扯，按照洗护标识洗涤，以防止纱支破损。,合体,适中
衬衫,1GY1012260010,"雪纺灯笼袖衬衫",米白,"569","569",本品采用特殊纱支制作而成，穿着时请小心爱护，请勿用力拉扯面料，切不可揉搓及绞拧。以防对面料造成损坏。,"聚酯纤维100%
里料:聚酯纤维100%",宽松,中长
衬衫,1GY1012360018,"长款拼接镂空衬衫",白色,"799","799","全棉面料:棉100%
蕾丝面料:锦纶100%",产品或产品的某一部分含有2种及以上的纤维时，除了许可不标注的纤维外，在标签上标明的每一种纤维含量允许偏差为5%，填充物的允许偏差为10%.,宽松,长款
衬衫,1GY1012360940,"长款拼接镂空衬衫",白色,"799","799","全棉面料:棉100%
蕾丝面料:锦纶100%",产品或产品的某一部分含有2种及以上的纤维时，除了许可不标注的纤维外，在标签上标明的每一种纤维含量允许偏差为5%，填充物的允许偏差为10%.,宽松,长款
衬衫,1GY1012370018,"蕾丝透视打底衬衫",白色,"369","369",本品采用特殊细纱支制作而成，在穿着使用时需小心爱护，避免指甲、金属等尖锐物品的勾刮，以防造成面料钩丝及刮痕。,锦纶100%,合体,适中
衬衫,1GY1012370090,"蕾丝透视打底衬衫",白色,"369","369",本品采用特殊细纱支制作而成，在穿着使用时需小心爱护，避免指甲、金属等尖锐物品的勾刮，以防造成面料钩丝及刮痕。,锦纶100%,合体,适中
衬衫,1GY1012410018,"荷叶棉质长袖衬衫",白色,"539","539",面料:棉100%,产品或产品的某一部分含有2种及以上的纤维时，除了许可不标注的纤维外，在标签上标明的每一种纤维含量允许偏差为5%，填充物的允许偏差为10%.,宽松,适中
衬衫,1GY1012410025,"荷叶棉质长袖衬衫",白色,"539","539",面料:棉100%,产品或产品的某一部分含有2种及以上的纤维时，除了许可不标注的纤维外，在标签上标明的每一种纤维含量允许偏差为5%，填充物的允许偏差为10%.,宽松,适中
衬衫,1GY1012720018,"荷叶仿珍珠扣衬衫",白色,"639","639",面料:棉100%,产品或产品的某一部分含有2种及以上的纤维时，除了许可不标注的纤维外，在标签上标明的每一种纤维含量允许偏差为5%，填充物的允许偏差为10%.,宽松,中长
衬衫,1GY1012720133,"荷叶仿珍珠扣衬衫",白色,"639","639",面料:棉100%,产品或产品的某一部分含有2种及以上的纤维时，除了许可不标注的纤维外，在标签上标明的每一种纤维含量允许偏差为5%，填充物的允许偏差为10%.,宽松,中长
衬衫,1GY1012730018,"荷叶棉质长袖衬衫",白色,"539","539",面料:棉100%,产品或产品的某一部分含有2种及以上的纤维时，除了许可不标注的纤维外，在标签上标明的每一种纤维含量允许偏差为5%，填充物的允许偏差为10%.,宽松,中长
衬衫,1GY1012730600,"荷叶棉质长袖衬衫",白色,"539","539",面料:棉100%,产品或产品的某一部分含有2种及以上的纤维时，除了许可不标注的纤维外，在标签上标明的每一种纤维含量允许偏差为5%，填充物的允许偏差为10%.,宽松,中长
衬衫,1GY1013960090,"荷叶印花长袖衬衫",黑色,"699","699",本品采用特殊细纱支制作而成，在穿着使用时需小心爱护，避免指甲、金属等尖锐物品的勾刮，以防造成面料钩丝及刮痕。,"聚酯纤维100%
里料:聚酯纤维100%",宽松,适中
衬衫,1GZ1019010018,"少女印花飘带衬衫",白色,"399","399",面料:棉100%,产品或产品的某一部分含有2种及以上的纤维时，除了许可不标注的纤维外，在标签上标明的每一种纤维含量允许偏差为5%，填充物的允许偏差为10%.,宽松,适中
衬衫,1GZ1019020018,"吊带背心衬衫套装",白色,"599","599",面料:棉100%,产品或产品的某一部分含有2种及以上的纤维时，除了许可不标注的纤维外，在标签上标明的每一种纤维含量允许偏差为5%，填充物的允许偏差为10%.,宽松,适中
衬衫,1GZ1019020690,"吊带背心衬衫套装",白色,"599","599",面料:棉100%,产品或产品的某一部分含有2种及以上的纤维时，除了许可不标注的纤维外，在标签上标明的每一种纤维含量允许偏差为5%，填充物的允许偏差为10%.,宽松,适中
衬衫,1GZ1019270018,"露肩镂空蕾丝衬衫",白色,"499","499",本品采用纱支组织疏松型面料，在使用过程中，纱支因摩擦会有少量抽出，此为正常现象；请注意避开尖利物品的勾刺、挂扯，按照洗护标识洗涤，以防止纱支破损。,"聚酯纤维100%
里料:聚酯纤维100%",宽松,适中
衬衫,1GZ1019270090,"露肩镂空蕾丝衬衫",白色,"499","499",本品采用纱支组织疏松型面料，在使用过程中，纱支因摩擦会有少量抽出，此为正常现象；请注意避开尖利物品的勾刺、挂扯，按照洗护标识洗涤，以防止纱支破损。,"聚酯纤维100%
里料:聚酯纤维100%",宽松,适中
衬衫,1GY1015370018,"系带棉质长袖衬衫",白色,"799","799",配搭腰带提升衣衫层次感，美观又时髦显瘦；纯色宽松版型，穿着舒适，大方好搭，更具造型可能性；袖口合金纽扣精致点睛，尽显设计巧思，颇具价值感。,"棉100%
腰带:[基布]聚酯纤维100% [材质]聚氨酯(PU)人造革",宽松,中长
衬衫,1GZ1013000310,"绑带喇叭袖衬衫",金色,"439","439",面料:聚酯纤维100%,产品或产品的某一部分含有2种及以上的纤维时，除了许可不标注的纤维外，在标签上标明的每一种纤维含量允许偏差为5%，填充物的允许偏差为10%.,宽松,适中
衬衫,1GZ1019260410,"荷叶碎花雪纺衬衫",黑色,"599","599","面料:聚酯纤维100%
里料:聚酯纤维100%",产品或产品的某一部分含有2种及以上的纤维时，除了许可不标注的纤维外，在标签上标明的每一种纤维含量允许偏差为5%，填充物的允许偏差为10%.,宽松,中长
衬衫,1GZ1019380520,"中长刺绣长袖衬衫",军绿,"699","699",面料:棉100%(绣花线除外),产品或产品的某一部分含有2种及以上的纤维时，除了许可不标注的纤维外，在标签上标明的每一种纤维含量允许偏差为5%，填充物的允许偏差为10%.,宽松,中长
衬衫,1GY1012020970,"条纹绑带长袖衬衫",红白条,"669","669",面料:棉100%,产品或产品的某一部分含有2种及以上的纤维时，除了许可不标注的纤维外，在标签上标明的每一种纤维含量允许偏差为5%，填充物的允许偏差为10%.,宽松,中长
衬衫,1GY1012160920,"条纹撞色长袖衬衫",蓝白条,"699","699",面料:棉100%,产品或产品的某一部分含有2种及以上的纤维时，除了许可不标注的纤维外，在标签上标明的每一种纤维含量允许偏差为5%，填充物的允许偏差为10%.,宽松,中长
衬衫,1GY1012180018,"荷叶边喇叭袖衬衫",白色,"539","539",本品采用纱支组织疏松型面料，在使用过程中，纱支因摩擦会有少量抽出，此为正常现象；请注意避开尖利物品的勾刺、挂扯，按照洗护标识洗涤，以防止纱支破损。,聚酯纤维100%,宽松,适中
衬衫,1GY1012180180,"荷叶边喇叭袖衬衫",白色,"539","539",本品采用纱支组织疏松型面料，在使用过程中，纱支因摩擦会有少量抽出，此为正常现象；请注意避开尖利物品的勾刺、挂扯，按照洗护标识洗涤，以防止纱支破损。,聚酯纤维100%,宽松,适中
衬衫,1GY1012180510,"洋气荷叶喇叭衬衫",白色,"539","539",本品采用纱支组织疏松型面料，在使用过程中，纱支因摩擦会有少量抽出，此为正常现象；请注意避开尖利物品的勾刺、挂扯，按照洗护标识洗涤，以防止纱支破损。,聚酯纤维100%,宽松,适中
衬衫,1GY1012740018,"高领褶皱雪纺衬衫",白色,"499","499",本品采用纱支组织疏松型面料，在使用过程中，纱支因摩擦会有少量抽出，此为正常现象；请注意避开尖利物品的勾刺、挂扯，按照洗护标识洗涤，以防止纱支破损。,聚酯纤维100%,宽松,适中
衬衫,1GY1012740130,"高领褶皱雪纺衬衫",白色,"499","499",本品采用纱支组织疏松型面料，在使用过程中，纱支因摩擦会有少量抽出，此为正常现象；请注意避开尖利物品的勾刺、挂扯，按照洗护标识洗涤，以防止纱支破损。,聚酯纤维100%,宽松,适中
衬衫,1GY1012740620,"高领褶皱雪纺衬衫",白色,"499","499",本品采用纱支组织疏松型面料，在使用过程中，纱支因摩擦会有少量抽出，此为正常现象；请注意避开尖利物品的勾刺、挂扯，按照洗护标识洗涤，以防止纱支破损。,聚酯纤维100%,宽松,适中
衬衫,1GZ1019310000,"荷叶边喇叭袖衬衫",漂白,"439","439",,"聚酯纤维100%
里料:聚酯纤维100%",合体,适中
衬衫,1GZ1019310120,"荷叶边喇叭袖衬衫",漂白,"439","439",,"聚酯纤维100%
里料:聚酯纤维100%",合体,适中
衬衫,1GZ1013390920,"领挖空喇叭袖衬衫",蓝白条,"599","599",面料:棉100%,产品或产品的某一部分含有2种及以上的纤维时，除了许可不标注的纤维外，在标签上标明的每一种纤维含量允许偏差为5%，填充物的允许偏差为10%.,宽松,适中
衬衫,1GY1011930018,"绑带拼泡泡袖衬衫",白色,"499","499",面料:棉60% 聚酯纤维40%,产品或产品的某一部分含有2种及以上的纤维时，除了许可不标注的纤维外，在标签上标明的每一种纤维含量允许偏差为5%，填充物的允许偏差为10%.,宽松,中长
衬衫,1GY1011930920,"立领拼接绑带衬衫",白色,"499","499",面料:棉60% 聚酯纤维40%,产品或产品的某一部分含有2种及以上的纤维时，除了许可不标注的纤维外，在标签上标明的每一种纤维含量允许偏差为5%，填充物的允许偏差为10%.,宽松,中长
衬衫,1GY1012330018,"欧根纱无袖衬衫",白色,"499","499","面料:棉75.7% 聚酯纤维24.3%
里料:聚酯纤维100%",产品或产品的某一部分含有2种及以上的纤维时，除了许可不标注的纤维外，在标签上标明的每一种纤维含量允许偏差为5%，填充物的允许偏差为10%.,修身,适中
衬衫,1GY1012340000,"荷叶褶皱套装衬衫",漂白,"899","899",面料:聚酯纤维100%,产品或产品的某一部分含有2种及以上的纤维时，除了许可不标注的纤维外，在标签上标明的每一种纤维含量允许偏差为5%，填充物的允许偏差为10%.,合体,适中
衬衫,1GY1012340180,"荷叶褶皱套装衬衫",漂白,"899","899",面料:聚酯纤维100%,产品或产品的某一部分含有2种及以上的纤维时，除了许可不标注的纤维外，在标签上标明的每一种纤维含量允许偏差为5%，填充物的允许偏差为10%.,合体,适中
衬衫,1GY1012350018,"拼蕾丝领刺绣衬衫",白色,"599","599","面料:棉100%(绣花线除外)
蕾丝:锦纶80.3% 氨纶19.7%",产品或产品的某一部分含有2种及以上的纤维时，除了许可不标注的纤维外，在标签上标明的每一种纤维含量允许偏差为5%，填充物的允许偏差为10%.,宽松,适中
衬衫,1GY1012550018,"刺绣绑带领棉衬衫",白色,"599","599",面料:棉100%(绣花线除外),产品或产品的某一部分含有2种及以上的纤维时，除了许可不标注的纤维外，在标签上标明的每一种纤维含量允许偏差为5%，填充物的允许偏差为10%.,宽松,中长
衬衫,1GY1012550920,"刺绣绑带领棉衬衫",白色,"599","599",面料:棉100%(绣花线除外),产品或产品的某一部分含有2种及以上的纤维时，除了许可不标注的纤维外，在标签上标明的每一种纤维含量允许偏差为5%，填充物的允许偏差为10%.,宽松,中长
衬衫,1GY1014210018,"拼欧根纱绣花衬衫",白色,"599","599","面料:棉68.1% 聚酯纤维31.9%
里料:聚酯纤维100%
撞料:聚酯纤维100%",产品或产品的某一部分含有2种及以上的纤维时，除了许可不标注的纤维外，在标签上标明的每一种纤维含量允许偏差为5%，填充物的允许偏差为10%.,合体,适中
衬衫,1GY1014210090,"拼欧根纱绣花衬衫",白色,"599","599","面料:棉68.1% 聚酯纤维31.9%
里料:聚酯纤维100%
撞料:聚酯纤维100%",产品或产品的某一部分含有2种及以上的纤维时，除了许可不标注的纤维外，在标签上标明的每一种纤维含量允许偏差为5%，填充物的允许偏差为10%.,合体,适中
衬衫,1JY4014080000,"雪纺衬衫背心套装",漂白,"799","799",面料:聚酯纤维100%,产品或产品的某一部分含有2种及以上的纤维时，除了许可不标注的纤维外，在标签上标明的每一种纤维含量允许偏差为5%，填充物的允许偏差为10%.,宽松,中长
衬衫,1JY4014150600,"【917店庆周299元】绑带褶皱荷叶衬衫",蓝色,299 ,599,面料:棉100%,产品或产品的某一部分含有2种及以上的纤维时，除了许可不标注的纤维外，在标签上标明的每一种纤维含量允许偏差为5%，填充物的允许偏差为10%.,宽松,适中
衬衫,1JY4014660010,"【917店庆周249元】荷叶褶绑带雪纺衫",米白,249 ,499,"面料:聚酯纤维100%
里料:聚酯纤维100%",产品或产品的某一部分含有2种及以上的纤维时，除了许可不标注的纤维外，在标签上标明的每一种纤维含量允许偏差为5%，填充物的允许偏差为10%.,宽松,中长
衬衫,1JY4014660025,"【917店庆周249元】荷叶褶绑带雪纺衫",米白,249 ,499,"面料:聚酯纤维100%
里料:聚酯纤维100%",产品或产品的某一部分含有2种及以上的纤维时，除了许可不标注的纤维外，在标签上标明的每一种纤维含量允许偏差为5%，填充物的允许偏差为10%.,宽松,中长
衬衫,1JH4012340000,"【917店庆周319元】荷叶拼喇叭袖衬衫",漂白,319 ,639,面料:棉100%,产品或产品的某一部分含有2种及以上的纤维时，除了许可不标注的纤维外，在标签上标明的每一种纤维含量允许偏差为5%，填充物的允许偏差为10%.,宽松,中长
衬衫,1JY4010140090,"蕾丝印花长袖衬衫",白色,"739","739","面料:棉69.9% 锦纶30.1%(绣花线除外)
里料:粘纤95.2% 氨纶4.8%
罗纹:粘纤69.8% 聚酯纤维26.8% 氨纶3.4%",产品或产品的某一部分含有2种及以上的纤维时，除了许可不标注的纤维外，在标签上标明的每一种纤维含量允许偏差为5%，填充物的允许偏差为10%.,宽松,适中
衬衫,1JY4010130950,"【917店庆周269元】条纹喇叭长袖衬衫",彩条,269 ,539,面料:棉100%(绣花线除外),产品或产品的某一部分含有2种及以上的纤维时，除了许可不标注的纤维外，在标签上标明的每一种纤维含量允许偏差为5%，填充物的允许偏差为10%.,宽松,中长
衬衫,1JY4010140018,"【917店庆周369元】蕾丝印花长袖衬衫",白色,369 ,739,"面料:棉69.9% 锦纶30.1%(绣花线除外)
里料:粘纤95.2% 氨纶4.8%
罗纹:粘纤69.8% 聚酯纤维26.8% 氨纶3.4%",产品或产品的某一部分含有2种及以上的纤维时，除了许可不标注的纤维外，在标签上标明的每一种纤维含量允许偏差为5%，填充物的允许偏差为10%.,宽松,适中
衬衫,1JJ4010080010,"【917店庆周284元】拼喇叭袖雪纺衬衫",米白,284 ,569,"面料:聚酯纤维100%
里料:聚酯纤维100%
花边:聚酯纤维100%",产品或产品的某一部分含有2种及以上的纤维时，除了许可不标注的纤维外，在标签上标明的每一种纤维含量允许偏差为5%，填充物的允许偏差为10%.,宽松,适中
衬衫,1JJ4011400018,"【917店庆周289元】两件套蕾丝薄衬衫",白色,289 ,569,蕾丝勾勒出花朵图案，细致而颇有几分艺术感，浪漫加分；两件套款式穿搭实用，透视蕾丝+吊带背心组合，隐约展现肌肤，性感迷人；精细花边打造小立领，延伸颈部线条，凸显都会女性端庄大气。,,合体,适中
衬衫,1JJ4011400090,"【917店庆周289元】两件套蕾丝薄衬衫",白色,289 ,569,蕾丝勾勒出花朵图案，细致而颇有几分艺术感，浪漫加分；两件套款式穿搭实用，透视蕾丝+吊带背心组合，隐约展现肌肤，性感迷人；精细花边打造小立领，延伸颈部线条，凸显都会女性端庄大气。,,合体,适中
衬衫,1JJ4011410010,"【917店庆周279元】系带立领雪纺衬衫",米白,279 ,439,"面料:聚酯纤维100%
里料:聚酯纤维100%",产品或产品的某一部分含有2种及以上的纤维时，除了许可不标注的纤维外，在标签上标明的每一种纤维含量允许偏差为5%，填充物的允许偏差为10%.,宽松,适中
衬衫,1JJ4011410120,"【917店庆周279元】系带立领雪纺衬衫",米白,279 ,439,"面料:聚酯纤维100%
里料:聚酯纤维100%",产品或产品的某一部分含有2种及以上的纤维时，除了许可不标注的纤维外，在标签上标明的每一种纤维含量允许偏差为5%，填充物的允许偏差为10%.,宽松,适中
衬衫,1JY4014630510,"印花荷叶雪纺衬衫",绿色,234 ,469,面料:聚酯纤维100%,产品或产品的某一部分含有2种及以上的纤维时，除了许可不标注的纤维外，在标签上标明的每一种纤维含量允许偏差为5%，填充物的允许偏差为10%.,宽松,适中
衬衫,1JH4013980000,"中长棉质长袖衬衫",漂白,269 ,539,面料:棉100%,产品或产品的某一部分含有2种及以上的纤维时，除了许可不标注的纤维外，在标签上标明的每一种纤维含量允许偏差为5%，填充物的允许偏差为10%.,宽松,中长
衬衫,1JH4014920090,"【917店庆周349元】印花荷叶长袖衬衫",黑色,349 ,699,,聚酯纤维100%,合体,适中
衬衫,1JY3013090600,"【917店庆周269元】刺绣棉质长袖衬衫",蓝色,269 ,539,面料:棉100%(绣花线除外),产品或产品的某一部分含有2种及以上的纤维时，除了许可不标注的纤维外，在标签上标明的每一种纤维含量允许偏差为5%，填充物的允许偏差为10%.,宽松,中长
衬衫,1JH3017510920,"条纹飘带长袖衬衫",蓝白条,299 ,599,面料:棉100%,产品或产品的某一部分含有2种及以上的纤维时，除了许可不标注的纤维外，在标签上标明的每一种纤维含量允许偏差为5%，填充物的允许偏差为10%.,宽松,中长
衬衫,1JH3018300018,"【917店庆周349元】褶皱喇叭袖衬衫",白色,349 ,699,本品采用纱支组织疏松型面料，穿着时需小心爱护，请注意避开尖利物品的勾刺、挂扯，按照洗护标识洗涤，以防止纱支破损。,"聚酯纤维100%
里料:聚酯纤维100%",宽松,适中
衬衫,1JH3018300090,"【917店庆周349元】褶皱喇叭袖衬衫",白色,349 ,699,本品采用纱支组织疏松型面料，穿着时需小心爱护，请注意避开尖利物品的勾刺、挂扯，按照洗护标识洗涤，以防止纱支破损。,"聚酯纤维100%
里料:聚酯纤维100%",宽松,适中
衬衫,1JH3018300180,"【917店庆周349元】褶皱喇叭袖衬衫",白色,349 ,699,本品采用纱支组织疏松型面料，穿着时需小心爱护，请注意避开尖利物品的勾刺、挂扯，按照洗护标识洗涤，以防止纱支破损。,"聚酯纤维100%
里料:聚酯纤维100%",宽松,适中
衬衫,1JY3012870166,"条纹开叉雪纺衬衫",红绿条,"539","539",,聚酯纤维100%,合体,中长
衬衫,1JY3013040462,"系带荷叶雪纺衬衫",米白,"539","539","面料:聚酯纤维100%
里料:聚酯纤维100%",产品或产品的某一部分含有2种及以上的纤维时，除了许可不标注的纤维外，在标签上标明的每一种纤维含量允许偏差为5%，填充物的允许偏差为10%.,宽松,适中
衬衫,1JY3012610660,"【917店庆周249元】波点织带棉质衬衫",宝蓝,249 ,499,运用时尚界经典波点元素，具有几分艺术气息，轻松展现出复古摩登感；袖子拼接织带呼应大热时尚潮流，为衣衫带来休闲活力气息，时髦加分；甄选棉质面料制作，兼具亲肤性与透气性，穿着感受更佳。,棉100%,宽松,中长
衬衫,1JY3012720520,"【917店庆周269元】条纹金属环棉衬衫",军绿,269 ,539,运用时尚界经典而基本的元素-条纹打造，简单大方，百搭而不失时尚；后领V型剪裁，加入金属圆扣，巧妙将经典与新潮融合，打造时髦chic印象；棉质面料打造，结合中长宽松版型，提升舒适度，穿着体验更佳。,棉100%(绣花线除外),宽松,中长
衬衫,1JY3012720880,"【917店庆周269元】条纹金属环棉衬衫",军绿,269 ,539,运用时尚界经典而基本的元素-条纹打造，简单大方，百搭而不失时尚；后领V型剪裁，加入金属圆扣，巧妙将经典与新潮融合，打造时髦chic印象；棉质面料打造，结合中长宽松版型，提升舒适度，穿着体验更佳。,棉100%(绣花线除外),宽松,中长
衬衫,1JY3012730018,"刺绣雪纺长袖衬衫",白色,384 ,769,"面料:聚酯纤维100%
里料:聚酯纤维100%
花边:聚酯纤维100%",产品或产品的某一部分含有2种及以上的纤维时，除了许可不标注的纤维外，在标签上标明的每一种纤维含量允许偏差为5%，填充物的允许偏差为10%.,合体,适中
衬衫,1JY3013040010,"系带荷叶雪纺衬衫",米白,269 ,539,"面料:聚酯纤维100%
里料:聚酯纤维100%",产品或产品的某一部分含有2种及以上的纤维时，除了许可不标注的纤维外，在标签上标明的每一种纤维含量允许偏差为5%，填充物的允许偏差为10%.,宽松,适中
衬衫,1JY3016620610,"【917店庆周419元】猫咪刺绣牛仔衬衫",牛仔蓝,419 ,839,洗涤时可拆卸装饰扣需取下，以免造成损坏。,棉100%(绣花线除外),宽松,中长
衬衫,1JH3017990620,"荷叶雪纺长袖衬衫",灰蓝,284 ,569,面料较为轻薄，需小心呵护，避免尖锐物品的勾刺、挂扯造成面料破损，并以洗衣袋包裹，缓和机洗。,"聚酯纤维100%
里料:聚酯纤维100%",合体,适中
衬衫,1JY3019810090,"拼蕾丝喇叭袖衬衫",白色,"539","539","面料:聚酯纤维100%
花边:锦纶100%",产品或产品的某一部分含有2种及以上的纤维时，除了许可不标注的纤维外，在标签上标明的每一种纤维含量允许偏差为5%，填充物的允许偏差为10%.,宽松,中长
衬衫,1JJ3014070180,"【917店庆周184元】绒面花边吊带背心",粉红,184 ,369,本品面料为丝绒面料，穿着时请小心爱护，请勿用力拉扯面料，切不可揉搓及绞拧，请勿压烫，如需要请采用蒸汽挂烫。,"聚酯纤维100%
花边:聚酯纤维100%",合体,中长
衬衫,1JY3012790090,"【917店庆周249元】压褶荷叶雪纺长袖衬衫",黑色,249 ,499,,"聚酯纤维100%
撞料:聚酯纤维63.7% 粘纤36.3%",合体,适中
衬衫,1JY3015640090,"【917店庆周269元】刺绣荷叶喇叭衬衫",黑色,269 ,539,本品采用纱支组织疏松型面料，在使用过程中，纱支因摩擦会有少量抽出，此为正常现象；请注意避开尖利物品的勾刺、挂扯，按照洗护标识洗涤，以防止纱支破损。,聚酯纤维58.2% 粘纤41.8%(绣花线除外),合体,适中
衬衫,1JH3017030520,"贴布中长长袖衬衫",军绿,191 ,639,面料:棉100%(绣花线除外),产品或产品的某一部分含有2种及以上的纤维时，除了许可不标注的纤维外，在标签上标明的每一种纤维含量允许偏差为5%，填充物的允许偏差为10%.,宽松,中长
衬衫,1JH3017810920,"【917店庆周284元】条纹开叉长袖T恤",蓝白条,284 ,569,面料:棉100%,产品或产品的某一部分含有2种及以上的纤维时，除了许可不标注的纤维外，在标签上标明的每一种纤维含量允许偏差为5%，填充物的允许偏差为10%.,宽松,适中
衬衫,1JH3017810970,"【917店庆周284元】条纹开叉长袖T恤",蓝白条,284 ,569,面料:棉100%,产品或产品的某一部分含有2种及以上的纤维时，除了许可不标注的纤维外，在标签上标明的每一种纤维含量允许偏差为5%，填充物的允许偏差为10%.,宽松,适中
衬衫,1JH3017900000,"【917店庆周299元】绑带收腰长袖衬衫",漂白,299 ,599,将风靡时尚圈的绑带元素融入到衬衫中，收腰显瘦又个性，打造前卫出街造型；纯色衬衫款式乃时尚icon衣橱大热单品，与多种风格下装轻松搭配，干练优雅；甄选棉质面料打造，亲肤透气，带来舒适穿着体验。,棉100%,宽松,中长
衬衫,1JY3019810018,"【917店庆周269元】拼蕾丝喇叭袖衬衫",白色,269 ,539,"面料:聚酯纤维100%
花边:锦纶100%",产品或产品的某一部分含有2种及以上的纤维时，除了许可不标注的纤维外，在标签上标明的每一种纤维含量允许偏差为5%，填充物的允许偏差为10%.,宽松,中长
衬衫,1JY3012430090,"【917店庆周269元】斜露肩喇叭袖衬衫",黑色,269 ,539,斜肩剪裁露出肩部迷人肌肤，透出几分小性感，别具时髦优雅气息；喇叭袖+开叉设计别具浪漫时装感，衬托复古摩登格调，行走时平添灵动美感；采用优质面料制作，质感清爽柔和，品质更佳。,"聚酯纤维100%
里料:聚酯纤维100%",宽松,适中
衬衫,1JY3012430462,"【917店庆周269元】斜露肩喇叭袖衬衫",黑色,269 ,539,斜肩剪裁露出肩部迷人肌肤，透出几分小性感，别具时髦优雅气息；喇叭袖+开叉设计别具浪漫时装感，衬托复古摩登格调，行走时平添灵动美感；采用优质面料制作，质感清爽柔和，品质更佳。,"聚酯纤维100%
里料:聚酯纤维100%",宽松,适中
衬衫,1JY3012630920,"【917店庆周299元】中长款刺绣系带棉衬衫",粉红,299 ,599,摩登boyfriend中长款式，带来中性利落气息，兼具舒适与时髦；本季时髦chic款绑带细节袖口，为简约衣衫增添飘逸浪漫感，散发点点柔美气质；别致玫瑰绣花与领口字母刺绣，复古与甜美相互糅合，轻松演绎high fashion style。,棉100%(绣花线除外),宽松,5-6分长
衬衫,1JY3012700010,"【917店庆周249元】荷叶系带雪纺衬衫",米白,249 ,499,务必冷水洗涤，轻柔手洗，如有少量掉色，属正常情况。,"聚酯纤维100%
里料:聚酯纤维100%",宽松,适中
衬衫,1JY3012700133,"【917店庆周249元】荷叶系带雪纺衬衫",米白,249 ,499,务必冷水洗涤，轻柔手洗，如有少量掉色，属正常情况。,"聚酯纤维100%
里料:聚酯纤维100%",宽松,适中
衬衫,1JY3012940880,"【917店庆周249元】镂空拼接荷叶长袖衬衫",浅杏,249 ,499,本品采用纱支组织疏松型面料，在使用过程中，纱支因摩擦会有少量抽出，此为正常现象；请注意避开尖利物品的勾刺、挂扯，按照洗护标识洗涤，以防止纱支破损。,聚酯纤维58.2% 粘纤41.8%,宽松,适中
衬衫,1JY3013060870,"【917店庆周399元】迷彩刺绣长袖衬衫",杏色,399 ,799,以中长宽松轮廓勾勒boyfriend风格衬衫，中性魅力轻松演绎，率性又时髦；复古花枝与精致字母绣章碰撞中性衣衫，带出摩登格调感，打造潮流达人印象；致敬复古迷彩风格，深受时尚icon喜爱的不规则印花，利落演绎帅气造型。,印花面料随机裁剪，实物图案位置与图片中的可能稍有不同，请以收到的实物为准。,宽松,中长
衬衫,1JY3013080690,"【917店庆周269元】不对称绑带棉衬衫",浅蓝,269 ,539,面料:棉100%,产品或产品的某一部分含有2种及以上的纤维时，除了许可不标注的纤维外，在标签上标明的每一种纤维含量允许偏差为5%，填充物的允许偏差为10%.,宽松,适中
衬衫,1JY3014250320,"【917店庆周219元】V领亮片吊带背心",银色,219 ,439,吊带V领背心款式，纤细肩带利落清爽，舒展肌肤，轻松散发迷人魅力；前幅采用亮片车缝，亮泽生辉，从各个角度都能牢牢抓住视线，时髦吸睛；前后幅不同材质拼接，为简约衣衫增添层次，带来不一样的视觉体验。,"前幅聚酯纤维100%
后幅聚酯纤维100%
里料:聚酯纤维100%",合体,适中
衬衫,1JH3017740920,"【917店庆周349元】条纹织带长袖衬衫",蓝白条,349 ,699,领口加入可调节织带，呼应当季流行元素，个性十足，打造高街时髦范儿；条纹衬衫乃时尚达人钟爱单品，凸显视觉感，整体散发清新活力气息；甄选棉质面料打造，具有良好的透气性与亲肤性，带来舒适穿着体验。,棉100%,宽松,中长
衬衫,1JH3017760920,"【917店庆周299元】条纹荷叶棉质衬衫",蓝白条,299 ,599,压褶荷叶边巧妙提升衣衫层次感，灵动而不失优雅，俏丽减龄；运用条纹元素，配合经典配色，呈现清爽柔和气息，打造复古潮人印象；棉质面料制作，具备亲肤性与透气性，穿着更舒适。,棉100%,宽松,适中
衬衫,1JH3018320000,"【917店庆周299元】中长棉质长袖衬衫",漂白,299 ,599,面料:棉100%,产品或产品的某一部分含有2种及以上的纤维时，除了许可不标注的纤维外，在标签上标明的每一种纤维含量允许偏差为5%，填充物的允许偏差为10%.,宽松,中长
衬衫,1JH3018320760,"【917店庆周299元】中长棉质长袖衬衫",漂白,299 ,599,面料:棉100%,产品或产品的某一部分含有2种及以上的纤维时，除了许可不标注的纤维外，在标签上标明的每一种纤维含量允许偏差为5%，填充物的允许偏差为10%.,宽松,中长
衬衫,1JH3018410000,"【917店庆周299元】一字肩飘带棉衬衫",漂白,299 ,599,撞色镶边飘带散发灵动飘逸感，融合喇叭袖设计，凸显摩登新潮印象；大热一字肩展现迷人锁骨与肩部肌肤，优雅性感，尽展女性魅力；采用优质棉质面料制作，具有亲肤性与透气性，彰显大牌品质。,棉100%,宽松,适中
衬衫,1JH3018410090,"【917店庆周299元】一字肩飘带棉衬衫",漂白,299 ,599,撞色镶边飘带散发灵动飘逸感，融合喇叭袖设计，凸显摩登新潮印象；大热一字肩展现迷人锁骨与肩部肌肤，优雅性感，尽展女性魅力；采用优质棉质面料制作，具有亲肤性与透气性，彰显大牌品质。,棉100%,宽松,适中
衬衫,1JY3016490180,"荷叶压褶雪纺长袖衬衫",白色,"599","599",时尚小立领设计，增添都会摩登感，大方而干练；前襟+袖口压褶荷叶边带来柔美气息，将端庄优雅气质展现无余；选择优质雪纺面料制作，柔韧舒适，彰显大牌品质。,聚酯纤维100%,合体,适中
衬衫,1JJ3012440018,"【917店庆周199元】系带V领无袖衬衫",白色,199 ,399,"面料:聚酯纤维100%
里料:聚酯纤维100%",产品或产品的某一部分含有2种及以上的纤维时，除了许可不标注的纤维外，在标签上标明的每一种纤维含量允许偏差为5%，填充物的允许偏差为10%.,合体,适中
衬衫,1JJ3012550018,"【917店庆周249元】刺绣棉质长袖衬衫",白色,249 ,499,后背字母刺绣点缀纯色衣衫，增添设计感，细节之处彰显时尚品味；前短后长的不规则衣摆设计个性十足，演绎摩登潮流印象；甄选棉质面料制作，柔韧亲肤，穿着更舒适。,棉100%(绣花线除外),宽松,中长
衬衫,1JJ3012550920,"【917店庆周249元】刺绣棉质长袖衬衫",白色,249 ,499,后背字母刺绣点缀纯色衣衫，增添设计感，细节之处彰显时尚品味；前短后长的不规则衣摆设计个性十足，演绎摩登潮流印象；甄选棉质面料制作，柔韧亲肤，穿着更舒适。,棉100%(绣花线除外),宽松,中长
衬衫,1JY3012410110,"镂空交叉棉麻无袖T恤",酒红,199 ,399,面料:棉72.8% 亚麻27.2%,产品或产品的某一部分含有2种及以上的纤维时，除了许可不标注的纤维外，在标签上标明的每一种纤维含量允许偏差为5%，填充物的允许偏差为10%.,合体,适中
衬衫,1JY3012480018,"【917店庆周249元】露肩泡泡袖雪纺衬衫",白色,249 ,499,镂空露肩设计，展露迷人肌肤，清新俏丽又不乏时尚气息；别致毛球点缀袖子，与压褶泡泡袖碰撞，演绎柔美女性印象；优选雪纺面料制作，打造柔韧质感，尽显大牌品质。,本品采用纱支组织疏松型面料，在使用过程中，纱支因摩擦会有少量抽出，请注意避开尖利物品的勾刺、挂扯，防止纱支破损。,宽松,适中
衬衫,1JY3012480090,"【917店庆周249元】露肩泡泡袖雪纺衬衫",白色,249 ,499,镂空露肩设计，展露迷人肌肤，清新俏丽又不乏时尚气息；别致毛球点缀袖子，与压褶泡泡袖碰撞，演绎柔美女性印象；优选雪纺面料制作，打造柔韧质感，尽显大牌品质。,本品采用纱支组织疏松型面料，在使用过程中，纱支因摩擦会有少量抽出，请注意避开尖利物品的勾刺、挂扯，防止纱支破损。,宽松,适中
衬衫,1JY3012580090,"【917店庆周134元】网布背心无袖衬衫",黑色,134 ,269,后幅拼接轻透网布，打破衣衫单调感，透气而又凸显几分浪漫感；领口加入细条纹点缀，细节感十足，大方随性又不失讲究细致；简约背心款式，与裤装或裙装皆轻松搭配，尽显百搭特质。,本品采用纱支组织疏松型面料，在使用过程中，纱支因摩擦会有少量抽出，此为正常现象；请注意避开尖利物品的勾刺、挂扯，按照洗护标识洗涤，以防止纱支破损。,合体,中长
衬衫,1JY3012680010,"荷叶露肩吊带雪纺衬衫",米白,149 ,299,本品采用纱支组织疏松型面料，在使用过程中，纱支因摩擦会有少量抽出，此为正常现象；请注意避开尖利物品的勾刺、挂扯，按照洗护标识洗涤，以防止纱支破损。,聚酯纤维100%,合体,适中
衬衫,1JY3012770520,"【917店庆周349元】中长花朵刺绣长袖衬衫",军绿,349 ,699,口袋处与后背加入花朵刺绣，增添小清新气息，精致而浪漫；宽松中长款型，随性大方，与裤装或裙装皆可搭配，展现多种造型可能性；甄选优质面料制作，手感柔和，彰显大牌品质。,,宽松,中长
衬衫,1JY3012770530,"【917店庆周349元】中长花朵刺绣长袖衬衫",军绿,349 ,699,口袋处与后背加入花朵刺绣，增添小清新气息，精致而浪漫；宽松中长款型，随性大方，与裤装或裙装皆可搭配，展现多种造型可能性；甄选优质面料制作，手感柔和，彰显大牌品质。,,宽松,中长
衬衫,1JY3012890690,"【917店庆周349元】压褶绣花棉质长袖衬衫",米白,349 ,699,"面料:棉100%
绣花线:聚酯纤维100%",产品或产品的某一部分含有2种及以上的纤维时，除了许可不标注的纤维外，在标签上标明的每一种纤维含量允许偏差为5%，填充物的允许偏差为10%.,宽松,适中
衬衫,1JY3013070018,"【917店庆周249元】宽松连帽抽绳长袖衬衫",白色,249 ,499,抽绳连帽+拉链设计，为衣衫增添运动活力感，青春俏丽；袖口与下摆加入橡筋，提升视觉层次又舒适好穿；甄选尼龙条纹风衣料制作，手感柔滑，时尚范十足。,锦纶100%,宽松,适中
衬衫,1JY3013070670,"【917店庆周249元】宽松连帽抽绳长袖衬衫",白色,249 ,499,抽绳连帽+拉链设计，为衣衫增添运动活力感，青春俏丽；袖口与下摆加入橡筋，提升视觉层次又舒适好穿；甄选尼龙条纹风衣料制作，手感柔滑，时尚范十足。,锦纶100%,宽松,适中
衬衫,1JY3013140018,"荷叶系带雪纺长袖衬衫",白色,284 ,569,"面料:聚酯纤维100%
里料:聚酯纤维100%
飘带:聚酯纤维100%",产品或产品的某一部分含有2种及以上的纤维时，除了许可不标注的纤维外，在标签上标明的每一种纤维含量允许偏差为5%，填充物的允许偏差为10%.,合体,中长
衬衫,1JY3016290320,"【917店庆周279元】金属色连帽长袖衬衫",银色,279 ,499,本品面料经过特殊工艺处理（面涂层），需用轻揉手洗，在穿着过程中避免与硬物摩擦，在清洗或使用过程中涂层如有少量掉色情况，属于正常现象。,聚酯纤维100%,宽松,适中
衬衫,1JY3016480920,"【917店庆周399元】丝棉荷叶条纹长袖衬衫",蓝白条,399 ,799,压褶荷叶边前襟+袖口，提升都会女性优雅气质，端庄大气；经典蓝白条纹，整体清爽养眼，打造百搭时髦单品；采用桑蚕丝+棉质面料制作，质感柔和，亲肤舒适。,棉69.8% 桑蚕丝30.2%,合体,适中
衬衫,1JY3016490018,"【917店庆周299元】荷叶压褶雪纺长袖衬衫",白色,299 ,599,时尚小立领设计，增添都会摩登感，大方而干练；前襟+袖口压褶荷叶边带来柔美气息，将端庄优雅气质展现无余；选择优质雪纺面料制作，柔韧舒适，彰显大牌品质。,聚酯纤维100%,合体,适中
衬衫,1JY3016490090,"【917店庆周299元】荷叶压褶雪纺长袖衬衫",白色,299 ,599,时尚小立领设计，增添都会摩登感，大方而干练；前襟+袖口压褶荷叶边带来柔美气息，将端庄优雅气质展现无余；选择优质雪纺面料制作，柔韧舒适，彰显大牌品质。,聚酯纤维100%,合体,适中
衬衫,1JY3016790520,"【917店庆周399元】迷彩印花棉质长袖衬衫",军绿,399 ,799,将中性迷彩与柔美花鬘破格重组，碰撞演绎摩登率性印象，让人眼前一亮；硬朗金属撞钉点缀，为衣衫增添率性街头气息，细节吸睛；选用100%棉质面料，经过洗水工艺，柔韧舒适，穿着清爽大方。,棉100%,宽松,中长
衬衫,1JH2014850440,"丝绒交叉吊带背心",黑色,"239","239",清爽时髦单品，运用大热丝绒打造，无论单穿或与摩登T恤穿搭皆可,"聚酯纤维92.5% 氨纶7.5%
撞料:聚酯纤维100%",合体,适中
衬衫,1JH2014850090,"丝绒交叉吊带背心",黑色,95 ,239,清爽时髦单品，运用大热丝绒打造，无论单穿或与摩登T恤穿搭皆可,"聚酯纤维92.5% 氨纶7.5%
撞料:聚酯纤维100%",合体,适中
衬衫,1JY2016440920,"丝棉条纹荷叶中袖衬衫",蓝白条,215 ,539,舒适宽松版型；领口V型荷叶边；时髦清新条纹；棉质+桑蚕丝面料,浅蓝条纹乃时髦单品元素之一，选择浅色下装搭配，散发清新时髦感,宽松,适中
衬衫,1JY2010670920,"中长条纹棉质中袖衬衫",粉白条,"399","399",中长宽松版型；简约细条纹图案；婉约中袖袖长；精选亲肤棉质面料,加入素色长裤，简约穿搭展现时尚利落感，打造都会大气印象,宽松,中长
衬衫,1JY2010340018,"一字荷叶刺绣衬衣",白色,199 ,599,露肩一字领；拼接灵动荷叶边披肩；浪漫花朵刺绣；精选舒适棉质,加入刺绣裤装，细节相互呼应，柔美荷叶散发灵动感，展现迷人风采,宽松,适中
衬衫,1JY2010340690,"一字领荷叶边刺绣衬衫",白色,199 ,599,露肩一字领；拼接灵动荷叶边披肩；浪漫花朵刺绣；精选舒适棉质,与简约裤装同样合衬，明暗色调碰撞，散发摩登俏丽气息，都会优雅,宽松,适中
衬衫,1JY2010610000,"仙女风欧根纱衬衫",漂白,227 ,569,镂空lace+拼接花边肩位；轻透欧根纱+柔美雪纺面料；婉约中袖袖长,加入时髦短裤，小幅度露肤，尽展夏日清爽魅力，尤显摩登青春感,宽松,适中
衬衫,1JY2010610180,"仙女风欧根纱衬衫",漂白,227 ,569,镂空lace+拼接花边肩位；轻透欧根纱+柔美雪纺面料；婉约中袖袖长,加入时髦短裤，小幅度露肤，尽展夏日清爽魅力，尤显摩登青春感,宽松,适中
衬衫,1JY2010670149,"中长条纹棉质中袖衬衫",粉白条,159 ,399,中长宽松版型；简约细条纹图案；婉约中袖袖长；精选亲肤棉质面料,加入素色长裤，简约穿搭展现时尚利落感，打造都会大气印象,宽松,中长
衬衫,1JH2014950090,"荷叶吊带真丝衬衫",黑色,399 ,999,配搭气质半裙，优雅摩登印象轻松演绎，大气吸睛,"桑蚕丝100%
里料:聚酯纤维95% 氨纶5%",合体,适中
衬衫,1JH2015670018,"花朵刺绣丝棉衬衫",白色,279 ,699,穿搭摩登牛仔半裙，淑雅又不失摩登利落感，让人印象深刻,本品含真丝敏感色，保存晾晒时不可以强光照射，以防脱色。,宽松,适中
衬衫,1JH2015670690,"花朵刺绣丝棉衬衫",白色,279 ,699,简约摩登单品，无论与裙装或裤装穿搭皆可，演绎摩登都会印象,本品含真丝敏感色，保存晾晒时不可以强光照射，以防脱色。,宽松,适中
衬衫,1JY2010320018,"丝棉绣七分袖衬衫",白色,295 ,739,舒适宽松版型；后幅字母刺绣；约七分袖长；柔和棉质+桑蚕丝面料,束起加入高腰半裙与简约鞋包，提升身材比例，大方又不失摩登感,宽松,适中
衬衫,1JY2010320690,"丝棉刺绣七分袖衬衫",白色,295 ,739,舒适宽松版型；后幅字母刺绣；约七分袖长；柔和棉质+桑蚕丝面料,与裤装或裙装皆轻松搭配，随性或摩登，展现多变时尚风采,宽松,适中
衬衫,1JY2010410304,"丝棉刺绣翻领短袖衬衫",驼色,279 ,699,大热睡衣风衣款；精致网布绣花装饰；率性西装领；轻透棉质+桑蚕丝,束起衣角搭配牛仔长裤，高跟鞋提升身材比例，碰撞出别样摩登气息,宽松,适中
衬衫,1JH2015730610,"钉珠牛仔短袖衬衫",牛仔蓝,319 ,799,摩登牛仔T恤，可作时髦外披，加入亮眼半裙，洋溢时髦青春感,棉100%,合体,适中
衬衫,1JY2010420010,"中长刺绣真丝衬衫",米白,307 ,769,中长宽松版型；气质西装翻驳领；精致刺绣口袋；精选100%桑蚕丝,配以修身牛仔，松紧互衬穿搭时髦舒适，尽展都会摩登印象,宽松,中长
衬衫,1JY2010520920,"挂脖条纹绑带衬衫",蓝白条,135 ,339,挂脖A字背心；拼接横竖印花条纹；复古下摆系带,加入摩登阔腿裤，时髦率性印象悠然而生，散发波普复古气息,合体,适中
衬衫,1JY2010520970,"挂脖条纹系带无袖衬衫",蓝白条,135 ,339,挂脖A字背心；拼接横竖印花条纹；复古下摆系带,加入摩登阔腿裤与高跟鞋，打造都会干练印象，时髦中不乏复古感,合体,适中
衬衫,1JH2014680018,"撞色刺绣雪纺衬衫",白色,199 ,499,以黑白搭配为灵感，加入阔腿长裤，尽显都会干练感又不失优雅气质,"聚酯纤维100%
(绣花线除外)
里料:聚酯纤维100%",宽松,适中
衬衫,1JY2016410920,"收腰绑带条纹衬衫",蓝白条,199 ,499,显瘦V领设计；收腰系带+压褶荷叶；约七分袖长；亲肤棉质面料,搭配深色系裙装，深浅互搭提升视觉效果，干练而不失清新俏丽感,合体,适中
衬衫,1JR2012960018,"开叉系带麻棉衬衫",白色,267 ,669,中长宽松版型；摩登小立领；两侧开叉+系结绳设计；精选亚麻棉料,可作时髦外衫，加入小背心或比基尼，造型时髦独特，清爽又具个性,宽松,中长
衬衫,1JR2012960870,"侧开叉系带亚麻棉衬衫",白色,267 ,669,中长宽松版型；摩登小立领；两侧开叉+系结绳设计；精选亚麻棉料,可作时髦外衫，加入小背心或比基尼，造型时髦独特，清爽又具个性,宽松,中长
衬衫,1JR2013080018,"一字领荷叶短衬衫",白色,175 ,439,短款宽松版型；优雅一字领设计；约七分袖长；亲肤棉质面料,搭配牛仔长裤与高跟鞋，优雅与干练碰撞，演绎都会摩登印象,宽松,短款
衬衫,1JR2013090018,"短款棉麻系带衬衫",白色,119 ,299,短款宽松版型；别致系带设计；甄选透气棉麻面料,作为时髦外搭，加入简约背心与休闲长裤，摩登中透露休闲感,宽松,短款
衬衫,1JY2010030000,"钉珠棉质七分袖衬衫",漂白,267 ,669,舒适宽松版型；钉珠花朵装饰；约七分袖长；甄选亲肤棉质面料,加入牛仔短裤与简约鞋包，简约大方又不乏利落感,宽松,适中
衬衫,1JY2010110010,"套装背心刺绣衬衫",米白,227 ,569,时尚两件套款；轻薄透视衣款；刺绣图案装饰；优质面料制作,选择牛仔半裙、高跟凉鞋搭配，简约穿搭也能彰显优雅大方气质,宽松,适中
衬衫,1JY2010110760,"薄款背心衬衫套装",米白,227 ,569,时尚两件套款；轻薄透视衣款；刺绣图案装饰；优质面料制作,搭配浅色系下装，时尚鞋包点缀造型，整体简约大方,宽松,适中
衬衫,1JY2010540910,"吊带镂空短袖衬衫",黑白条,175 ,439,一字领+吊带设计；别致镂空领位；优雅刺绣图案；亲肤棉质面料,束腰加入牛仔短裤与时尚鞋包，简约大方又不乏优雅气质,宽松,适中
衬衫,1JY2010720010,"一字透视蕾丝衬衫",米白,187 ,469,大方合体版型；优雅橡筋一字领；浪漫蕾丝面料制作,配以高腰牛仔半裙、高跟鞋，衬托高挑身姿，优雅大方,合体,适中
衬衫,1JY2015360610,"钉珠七分袖牛仔衬衫",牛仔蓝,295 ,739,精致花朵钉珠；气质七分袖长；精选优质牛仔面料制作,加入简约裤装与高跟鞋、手提包，轻松打造都会摩登印象,宽松,适中
衬衫,1JH2015010000,"两件套蕾丝衬衫",漂白,399 ,999,同色调穿着也是时髦优选，加入摩登阔腿短裤，清爽露肤，性感迷人,,宽松,适中
衬衫,1JH2015010090,"两件套蕾丝衬衫",漂白,399 ,999,与牛仔阔腿短裤束腰相配，清爽露肤又不失摩登感，兼具时髦俏丽感,,宽松,适中
衬衫,1JY2015780690,"丝棉钉珠中袖衬衫",浅蓝,267 ,669,宽松中长款型；钉珠贴布绣点缀；时尚中袖剪裁；棉质+桑蚕丝面料,加入时髦背心和修身牛仔裤，散发摩登率性气息，让人印象深刻,宽松,中长
衬衫,1JY2012160690,"刺绣褶皱无袖衬衫",浅蓝,159 ,399,翻领V型开叉领；钉珠贴布绣图案；气质褶皱+侧开叉；精选亲肤棉质,束腰与浅色调短裤更为相配，清爽露肤，展现舒适清新感，大方自信,合体,适中
衬衫,1JY2012190018,"V领蕾丝短袖衬衫",白色,159 ,399,短款宽松版型；性感大V领；镂空花边领口；精选亲肤棉质料,经典黑白是穿搭优选，加入短款下装，时髦又不失格调，简约大气,宽松,短款
衬衫,1JY2012550018,"波浪蕾丝套装衬衫",白色,199 ,499,吊带背心+薄款罩衫两件套；波浪蕾丝花边装饰；精选柔美蕾丝面料,加入牛仔半裙，淑雅与时髦活力相互融合，散发迷人格调,合体,适中
衬衫,1JY2012550090,"波浪蕾丝套装衬衫",白色,199 ,499,吊带背心+薄款罩衫两件套；波浪蕾丝花边装饰；精选柔美蕾丝面料,作为时髦内衬，加入背带裙，经典黑白碰撞格外亮眼，尽展优雅气质,合体,适中
衬衫,1JJ2010750920,"一字露肩系带袖棉衬衫",蓝白条,119 ,299,露肩一字领设计；插肩系带袖型；波普条纹图案；精选亲肤棉质料,加入浅色调裤装，清爽又不失都会利落感，尽展时髦格调魅力,宽松,适中
衬衫,1JJ2010750970,"露肩绑带袖棉衬衫",蓝白条,119 ,299,露肩一字领设计；插肩系带袖型；波普条纹图案；精选亲肤棉质料,加入浅色调裤装，清爽又不失都会利落感，尽展时髦格调魅力,宽松,适中
衬衫,1JJ2015300000,"露肩绑带棉质衬衫",漂白,119 ,299,露肩一字领设计；插肩袖+开叉系带设计；精选亲肤棉质料,经典红白碰撞是亮眼优选，与时髦包裙穿搭，都会清新感扑面而来,宽松,适中
衬衫,1JY2011260090,"荷叶印花雪纺衬衫",黑色,159 ,399,V领拼接荷叶边；气质飘带装饰；浪漫印花图案；精选印花雪纺面料,繁简互衬是亮眼出彩优选，加入率性牛仔裤，更显复古时髦魅力,合体,适中
衬衫,1JY2012170690,"刺绣卡通牛仔衬衫",浅蓝,227 ,569,波普卡通立体刺绣图案；时髦牛仔衬衫；精选舒适莱塞尔纤维面料,将下摆系好，配以摩登短裤，率性穿搭尽显休闲青春感，减龄吸睛,宽松,适中
衬衫,1JJ2015600140,"荷叶绑带雪纺衬衫",橙红,147 ,369,V领+褶皱荷叶领；领口拼接撞色系带；优选轻柔雪纺面料,与时髦半裙格外速配，清爽又轻盈，低调散发柔美浪漫气息,宽松,适中
衬衫,1JH2014140090,"刺绣中长雪纺衬衫",黑色,199 ,539,与柔美裙装破格重组，作时尚外披，尽展率性浪漫，时髦吸睛,本品采用纱支组织疏松型面料，在使用过程中，纱支因摩擦会有少量抽出，此为正常现象；请注意避开尖利物品的勾刺、挂扯，按照洗护标识洗涤，以防止纱支破损。,宽松,中长
衬衫,1JH2014140530,"刺绣中长雪纺衬衫",黑色,199 ,539,加入印花半裙，提升活力与俏丽气息，波普吸睛,本品采用纱支组织疏松型面料，在使用过程中，纱支因摩擦会有少量抽出，此为正常现象；请注意避开尖利物品的勾刺、挂扯，按照洗护标识洗涤，以防止纱支破损。,宽松,中长
衬衫,1JY2014820018,"刺绣系带雪纺衬衫",白色,199 ,499,加入拼接牛仔裙和亮眼鞋包，摩登穿搭演绎都会淑女印象，俏丽迷人,"聚酯纤维100%
(绣花线除外)
里料:聚酯纤维100%",合体,适中
衬衫,1JY2014820120,"刺绣系带雪纺衬衫",白色,199 ,499,经典红黑是时髦优选，配以气质鞋包，轻松打造都会时髦女郎印象,"聚酯纤维100%
(绣花线除外)
里料:聚酯纤维100%",合体,适中
衬衫,1JY2011680018,"一字刺绣中袖衬衫",白色,"439","439",舒适宽松版型；优雅一字领；袖中拼接镂空刺绣；优选柔和面料,搭配黑色阔腿裤形成黑白配，优雅与摩登巧妙融合，尽展大方魅力,宽松,适中
衬衫,1JY2011460018,"镂空绣花短袖衬衫",白色,187 ,469,后幅拼镂空贴布绣花；大气纯色设计；精选轻柔棉质面料,配以率性时髦牛仔裤，轻柔与摩登碰撞，造型时髦大方,宽松,适中
衬衫,1JY2011460690,"镂空绣花短袖衬衫",白色,187 ,469,后幅拼镂空贴布绣花；大气纯色设计；精选轻柔棉质面料,配以轻柔半裙，浪漫淑雅印象轻松演绎，尽展时髦格调魅力,宽松,适中
衬衫,1JY2011570940,"撞色印花丝棉衬衫",蓝条,227 ,569,宽松轻薄款式；醒目撞色印花；柔滑蚕丝+含棉面料,配以牛仔裤与板鞋，度假风与复古的碰撞，凸显个性潮流特质,宽松,适中
衬衫,1JY2011680090,"一字刺绣中袖衬衫",白色,175 ,439,舒适宽松版型；优雅一字领；袖中拼接镂空刺绣；优选柔和面料,配以高腰半裙与高跟鞋，打造高挑优美身姿，都会摩登感十足,宽松,适中
衬衫,1JY2011750018,"星星刺绣开叉衬衫",白色,307 ,769,连肩开叉蝙蝠袖；拼接镂空设计；星星绣花面料；婉约气质中袖袖长,配以高腰短裤与跟鞋，巧妙提升身材比例，凸显大方摩登特质,合体,适中
衬衫,1JY2011750130,"刺绣镂空开叉中袖衬衫",白色,307 ,769,连肩开叉蝙蝠袖；拼接镂空设计；星星绣花面料；婉约气质中袖袖长,配送率性牛仔裤，摩登又不失柔美格调，尽展都会迷人气息,合体,适中
衬衫,1JH2014410610,"斜肩流苏牛仔衬衫",牛仔蓝,199 ,499,与利落阔腿长裤摩登互衬，柔美而不失都会大气，散发时髦自信魅力,棉100%,合体,适中
衬衫,1JJ2015160090,"V领雪纺吊带背心",白色,67 ,169,V领吊带背心；短款合体版型；领口拼接细系带；优选轻柔薄雪纺料,简约单穿散发性感魅力；配以摩登外套，更展时髦俏丽，自信吸睛,合体,短款
衬衫,1JY2011180610,"刺绣系带牛仔衬衫",牛仔蓝,279 ,699,开叉V领+流苏系带；撞色镶边立体刺绣；气质泡泡袖；精选棉质牛仔,束腰搭配摩登短裤，造型清爽又不失俏丽感，尽展时髦迷人印象,宽松,适中
衬衫,1JY2012510180,"一字领系带条纹棉衬衫",粉红,187 ,469,露肩一字领；下摆系带设计；婉约中袖+刺绣字母；精选条纹棉质料,与率性牛仔同样合衬，上松下紧穿搭轻松打造俏丽印象，时髦减龄,宽松,适中
衬衫,1JY2012520690,"刺绣镂空棉质无袖衬衫",浅蓝,159 ,399,舒适宽松版型；领口卡通刺绣；后背镂空+蝴蝶结；透气棉质面料,加入浅色系破洞牛仔裤，个性十足，尽显奔放潮流新风采,宽松,适中
衬衫,1JY2012600018,"两件套一字领蕾丝衬衫",白色,239 ,599,时尚两件套款；优雅一字领；约七分袖设计；轻透蕾丝面料制作,单穿搭配背心连衣裙，巧妙提升造型层次感，时尚吸睛,合体,适中
衬衫,1JY2012600090,"一字蕾丝衬衫套装",白色,239 ,599,时尚两件套款；优雅一字领；约七分袖设计；轻透蕾丝面料制作,可随意搭配其他款式背心，加入纯色短裤，塑造随性潮流印象,合体,适中
衬衫,1JY2012600180,"两件套一字领蕾丝衬衫",白色,239 ,599,时尚两件套款；优雅一字领；约七分袖设计；轻透蕾丝面料制作,束腰加入牛仔长裤与高跟鞋，摩登感油然而生，展现都市丽人印象,合体,适中
衬衫,1JJ2011900000,"露肩一字中袖衬衫",漂白,119 ,299,露肩一字领；前开叉V领设计；婉约气质中袖；精选优质棉质面料,配以摩登短裤，经典黑白碰撞演绎复古时髦印象，散发都会淑雅气息,宽松,适中
衬衫,1JJ2014470950,"一字条纹中袖衬衫",彩条,119 ,299,露肩一字+开叉V领设计；婉约气质中袖；摩登竖条纹；精选亲肤棉质,加入气质半裙，繁简互衬下别具时髦优雅气息，俏丽迷人,宽松,适中
衬衫,1JJ2015160018,"V领雪纺吊带背心",白色,67 ,169,V领吊带背心；短款合体版型；领口拼接细系带；优选轻柔薄雪纺料,简约单穿散发性感魅力；配以摩登外套，更展时髦俏丽，自信吸睛,合体,短款
衬衫,1JJ2015160480,"V领雪纺吊带背心",白色,67 ,169,V领吊带背心；短款合体版型；领口拼接细系带；优选轻柔薄雪纺料,简约单穿散发性感魅力；配以摩登外套，更展时髦俏丽，自信吸睛,合体,短款
衬衫,1JY2010570018,"刺绣钉珠长袖衬衫",白色,267 ,669,中长款宽松版型；刺绣图案+亮片装饰；舒适亲肤棉质面料,单穿或做外搭皆宜，加入牛仔短裤，休闲又不乏街头潮流感,宽松,中长
衬衫,1JY2010570520,"中长刺绣亮片衬衫",白色,267 ,669,中长款宽松版型；刺绣图案+亮片装饰；舒适亲肤棉质面料,作为时髦外披，与优雅裙装鲜明对比，碰撞演绎摩登感，率性又俏丽,宽松,中长
衬衫,1JY2010980000,"拼接刺绣中袖衬衫",漂白,215 ,539,简约宽松版型；拼接大口袋设计；刺绣花朵图案；精选亲肤棉质材质,加入摩登短裤，清爽又不失柔美，演绎都会女郎印象，大气迷人,宽松,适中
衬衫,1JY2011000000,"一字荷叶系带衬衫",漂白,135 ,339,气质一字船领；浪漫荷叶袖；前幅下摆系带设计；精选优质棉质料,经典黑白是时髦秘诀，加入复古半裙，轻松演绎摩登优雅丽人印象,宽松,适中
衬衫,1JY2011000690,"一字领荷叶袖系带衬衫",漂白,135 ,339,气质一字船领；浪漫荷叶袖；前幅下摆系带设计；精选优质棉质料,经典黑白是时髦秘诀，加入复古半裙，轻松演绎摩登优雅丽人印象,宽松,适中
衬衫,1JY2011020972,"一字拼荷叶边丝绵衬衫",红蓝条,199 ,499,一字领抹胸设计；拼接飘逸荷叶边；短款宽松版型；精选优质丝绵料,配以净色阔腿裤，繁简互衬下尽展摩登都会风采，大气迷人,宽松,短款
衬衫,1JY2011060018,"镂空蕾丝罩衫短袖衬衫",白色,239 ,599,宽松薄款罩衫；纯色镂空蕾丝钩花；柔美睫毛蕾丝波浪边,黑白配是打造时髦经典造型优选，配以蕾丝连衣裙，散发浪漫女人味,宽松,适中
衬衫,1JY2011060090,"镂空蕾丝罩衫短袖衬衫",白色,239 ,599,宽松薄款罩衫；纯色镂空蕾丝钩花；柔美睫毛蕾丝波浪边,经典黑白时髦穿搭优选，配以短款下装，清爽露肤，展现迷人俏丽感,宽松,适中
衬衫,1JY2011230000,"系带泡泡袖棉衬衫",漂白,199 ,499,V领合体版型；气质泡泡中袖设计；加入收腰系带；精选优质棉质料,配以修身下装，延续简约风潮，摩登又不失俏丽时尚感，大气迷人,合体,适中
衬衫,1JY2011230520,"V领系带泡泡袖棉衬衫",漂白,199 ,499,V领合体版型；气质泡泡中袖设计；加入收腰系带；精选优质棉质料,加入柔美半裙，深浅色调碰撞别具时髦淑雅感，彰显都会摩登气息,合体,适中
衬衫,1JY2011810920,"条纹系带麻棉衬衫",蓝白条,175 ,439,波普竖条纹+字母刺绣图案；复古下摆系带设计；精选清爽棉质+麻料,加入内衬和牛仔下装，轻松塑造简约清爽印象，展现时髦青春感,合体,适中
衬衫,1JH2013960660,"撞色印花背心衬衫",宝蓝,99 ,369,加入牛仔短裤，清爽露肤组合活力加分，尽展时髦休闲感,本品采用纱支组织疏松型面料，在使用过程中，纱支因摩擦会有少量抽出，此为正常现象；请注意避开尖利物品的勾刺、挂扯，使用网袋包裹洗涤，以防止纱支破损。,合体,适中
衬衫,1JH2013960888,"撞色印花背心衬衫",宝蓝,99 ,369,复刻运动背心经典造型，以时髦印花演绎chic感潮流印象，摩登吸睛,本品采用纱支组织疏松型面料，在使用过程中，纱支因摩擦会有少量抽出，此为正常现象；请注意避开尖利物品的勾刺、挂扯，使用网袋包裹洗涤，以防止纱支破损。,合体,适中
衬衫,1JY1012170180,"一字领荷叶边雪纺衬衫",粉红,199 ,499,宽松中袖款型；优雅一字领+吊带；浪漫荷叶边设计；精选雪纺面料,束腰加入摩登牛仔裤、时尚跟鞋，干练气质一览无余，气场强大,宽松,适中
衬衫,1JY1011460018,"一字绑带长袖衬衫",白色,159 ,399,舒适宽松版型；优雅一字领设计；可调节蝴蝶结；透气棉质材质,搭配半裙或阔腿裤，优雅或摩登，散发都会女性迷人魅力,宽松,适中
衬衫,1JY1011460600,"一字领系带棉长袖衬衫",白色,159 ,399,舒适宽松版型；优雅一字领设计；可调节蝴蝶结；透气棉质材质,与浅色半裙或摩登阔腿长裤搭配，加入跟鞋提升比例，展现窈窕身姿,宽松,适中
衬衫,1JY1012170888,"一字荷叶雪纺衬衫",粉红,199 ,499,宽松中袖款型；优雅一字领+吊带；浪漫荷叶边设计；精选雪纺面料,束腰搭配包臀半裙，跟鞋与手拿包提升造型层次，大方又不失优雅,宽松,适中
衬衫,1JY1012190920,"绑带条纹短袖衬衫",蓝白条,175 ,439,大方宽松款式；领口绑带设计；经典细条纹；优选棉质材质,搭配牛仔裤、sneaker，大方摩登，演绎出街潮流范儿,宽松,适中
衬衫,1JY1012220000,"一字开叉短袖衬衫",漂白,147 ,369,舒适宽松版型；优雅一字领设计；侧边开叉细节；柔和棉质面料打造,搭配牛仔裤与跟鞋、手提包，摩登中有透露着几分优雅，魅力十足,宽松,适中
衬衫,1JY1012220571,"一字领开叉棉短袖衬衫",漂白,147 ,369,舒适宽松版型；优雅一字领设计；侧边开叉细节；柔和棉质面料打造,加入牛仔短裤与懒人鞋，优雅气息与街头范碰撞，活泼又青春,宽松,适中
衬衫,1JY1012260180,"荷叶印花雪纺衬衫",粉红,159 ,399,舒适宽松版型；荷叶边+系带领口；热带风花草印花；优质雪纺材质,束腰搭配牛仔长裤、跟鞋，散发几分复古气息，奔放又充满活力,合体,适中
衬衫,1JY1012130010,"一字荷叶蕾丝衬衫",米白,279 ,699,短款宽松版型；一字领+荷叶边；弹性收腰+小荷叶；镂空蕾丝面料,选择简约短裤组合，繁简碰撞演绎时髦大气，尽展俏丽青春感,宽松,短款
衬衫,1JY1012400910,"荷叶条纹中袖衬衫",黑白条,199 ,499,舒适宽松版型；经典细条纹；优雅荷叶边设计；透气棉质材质,束腰搭配牛仔裤、手提包，演绎摩登都市丽人印象，魅力十足,宽松,适中
