category,goods_id,goods_name,color,sale_price,origin_price,design,material,stereotype,length,page_num
连衣裙,1GY4081080090,"蕾丝卫衣连衣裙",黑色,"799","799",裙摆拼接蕾丝/宽松显瘦卫衣/采用高含棉面料,"100%棉(装饰工艺部位除外)
罗纹:70.2%棉 26.9%聚酯纤维 2.9%氨纶
蕾丝花边:100%聚酯纤维",宽松,中长,1
连衣裙,1GY4081280620,"v领A字提花连衣裙",灰蓝,"839","839",v领勾勒天鹅颈/A字款修饰身材/甄选提花面料,"55.1%棉 41.9%聚酯纤维 3%氨纶
里料:100%聚酯纤维",合体,适中,1
连衣裙,1GZ3080560090,"拼领带连衣裙套装",黑色,"899","899",拼接领带设计/实穿两件套装/采用合成纤维面料,"100%聚酯纤维
撞料:100%锦纶",宽松,适中,1
连衣裙,1GZ3080590133,"【11.12-11.15返场价449元】荷叶领中长连衣裙",浅粉,"899","899",荷叶袖修饰手臂/心型印花图案/采用合成纤维面料,"100%聚酯纤维
里料:100%聚酯纤维",宽松,中长,1
连衣裙,1GZ3080590690,"【11.12-11.15返场价449元】荷叶领中长连衣裙",浅粉,"899","899",荷叶袖修饰手臂/心型印花图案/采用合成纤维面料,"100%聚酯纤维
里料:100%聚酯纤维",宽松,中长,1
连衣裙,1GZ3080620090,"小立领连衣裙套装",黑色,"999","999",束口袖修饰手腕/实穿两件套款/采用合成纤维面料,97%聚酯纤维 3%氨纶,修身,中长,1
连衣裙,1GZ3080620133,"蕾丝领连衣裙套装",黑色,"999","999",束口袖修饰手腕/实穿两件套款/采用合成纤维面料,97%聚酯纤维 3%氨纶,修身,中长,1
连衣裙,1GZ3080620620,"蕾丝领连衣裙套装",黑色,"999","999",束口袖修饰手腕/实穿两件套款/采用合成纤维面料,97%聚酯纤维 3%氨纶,修身,中长,1
连衣裙,1GZ3080630090,"波点中长款连衣裙",黑色,"999","999",v领勾勒天鹅颈/优雅波点图案/采用合成纤维面料,"100%聚酯纤维
里料:100%聚酯纤维",宽松,中长,1
连衣裙,1GZ3080630180,"波点中长款连衣裙",黑色,"999","999",v领勾勒天鹅颈/优雅波点图案/采用合成纤维面料,"100%聚酯纤维
里料:100%聚酯纤维",宽松,中长,1
连衣裙,1GY4030480600,"渐变马海毛连衣裙",蓝色,"899","899",温柔渐变效果/中长宽松版型/甄选马海毛面料,"面料(面层):41.5%锦纶 31.5%马海毛 27%羊毛
面料(底层):100%腈纶
连接线:100%锦纶",宽松,中长,1
连衣裙,1GY4081340101,"腰带蕾丝连衣裙",暗红,"1290","1290",撞色彼得潘领/搭配修身腰带/蕾丝面料打造,"74.1%锦纶 25.9%粘纤
里料:86.1%聚酯纤维 13.9%氨纶",合体,长款,1
连衣裙,1GY4080020181,"荷叶袖丝绒连衣裙",灰粉红,"999","999",层次荷叶袖设计/收腰修身腰带/采用丝绒面料,"90.1%聚酯纤维 9.9%氨纶
里料:100%聚酯纤维",宽松,中长,1
连衣裙,1GY4080690690,"腰带假两件连衣裙",浅蓝,"1090","1090",搭配腰带设计/拼卫衣假两件款/采用牛仔面料,"牛仔料:100%棉
针织料:100%棉",宽松,适中,1
连衣裙,1GY4082180090,"刺绣腰带连衣裙",黑色,"899","899",前幅字母贴布/收腰修身腰带/采用高含棉面料,"100%棉(装饰工艺部分除外)
罗纹:70.7%棉 26.2%聚酯纤维 3.1%氨纶",宽松,适中,1
连衣裙,1GY3081690010,"【11.12-11.15返场价973元】拼接长袖连衣裙",米白,"1390","1390",别致镂空设计/肩部性感透视/细腻水溶绣制作,"水溶花聚酯纤维100%
网布锦纶100%
里料:聚酯纤维100%",修身,中长,1
连衣裙,1GY3081690090,"【11.12-11.15返场价973元】透视镂空连衣裙",米白,"1390","1390",别致镂空设计/肩部性感透视/细腻水溶绣制作,"水溶花聚酯纤维100%
网布锦纶100%
里料:聚酯纤维100%",修身,中长,1
连衣裙,1GY3081800462,"印花绒面连衣裙",姜黄,"999","999",趣味猫咪印花图案/V字领口设计/醒目撞色效果,"聚酯纤维100%
里料:聚酯纤维100%",修身,适中,1
连衣裙,1GY3081800650,"印花绒面连衣裙",姜黄,"999","999",趣味猫咪印花图案/V字领口设计/醒目撞色效果,"聚酯纤维100%
里料:聚酯纤维100%",修身,适中,1
连衣裙,1GY3081830090,"拼荷叶V领连衣裙",黑色,"799","799",不规则拼接荷叶边/V型领口设计/纯色合体版型,[面层]聚酯纤维92.5% 氨纶7.5%(含粘合剂)[底层]聚酯纤维92.1% 氨纶7.9%(含粘合剂),修身,适中,1
连衣裙,1GY3081830180,"拼荷叶V领连衣裙",黑色,"799","799",不规则拼接荷叶边/V型领口设计/纯色合体版型,[面层]聚酯纤维92.5% 氨纶7.5%(含粘合剂)[底层]聚酯纤维92.1% 氨纶7.9%(含粘合剂),修身,适中,1
连衣裙,1GZ3037280760,"【11.12-11.15返场价419元】星星图案中长毛衣",黑色,"899","899",俏皮星星图案设计/宽松显瘦版型/采用含毛纤维,"主料:80.6%锦纶 19.4%兔毛
金线部位:64.8%聚酯纤维 35.2%聚酯薄膜纤维",贴身,中长,1
连衣裙,1GZ3037350120,"【11.12-11.15返场价359元】交叉羊毛连衣裙",白色,"799","799",侧边交叉织带/简洁纯色设计/采用含毛纤维面料,"70%腈纶 30%羊毛
罗纹:66.5%腈纶 28%羊毛 5%锦纶 0.5%氨纶",贴身,中长,1
连衣裙,1GZ3087600090,"【11.12-11.15返场价499元】贴布绣织带连衣裙",黑色,"799","799",仙鹤贴布绣点缀双袖/侧边交叉织带/采用高含棉面料,"100%棉(装饰工艺部位除外)
罗纹:69.9%棉 27.1%聚酯纤维 3.0%氨纶",宽松,适中,1
连衣裙,1GZ3087600018,"【11.12-11.15返场价499元】贴布绣织带连衣裙",黑色,"799","799",仙鹤贴布绣点缀双袖/侧边交叉织带/采用高含棉面料,"100%棉(装饰工艺部位除外)
罗纹:69.9%棉 27.1%聚酯纤维 3.0%氨纶",宽松,适中,1
连衣裙,1GZ3087600770,"【11.12-11.15返场价499元】贴布绣织带连衣裙",黑色,"799","799",仙鹤贴布绣点缀双袖/侧边交叉织带/采用高含棉面料,"100%棉(装饰工艺部位除外)
罗纹:69.9%棉 27.1%聚酯纤维 3.0%氨纶",宽松,适中,1
连衣裙,1GY3081380110,"印花雪纺连衣裙",酒红,"1490","1490",浪漫印花图案/V字领口设计/轻柔雪纺面料打造,"聚酯纤维100%
里料:聚酯纤维100%",合体,中长,1
连衣裙,1GY3081610090,"钉珠织带连衣裙",黑色,"1390","1390",精致钉珠贴布绣/裙摆开叉设计/采用纤维面料,"聚酯纤维64.4% 粘纤32.4% 氨纶3.2%
里布:聚酯纤维100%
编织带:聚酯纤维41.9% 锦纶39.7% 腈纶15.2% 金属镀膜纤维3.2%",修身,中长,1
连衣裙,1GY3083070779,"格子拼接连衣裙",绿格,"1090","1090",复古风格子图案/拼接搭片设计/舒适柔韧面料制作,聚酯纤维81.0% 粘纤17.3% 氨纶1.7%,合体,适中,1
连衣裙,1GZ3082040090,"印花荷叶边连衣裙",黑色,"999","999",不规则荷叶边裙摆/趣味卡通印花图案/采用舒适纤维面料,"100%聚酯纤维
里料:95%聚酯纤维 5%氨纶",合体,适中,1
连衣裙,1GZ3087420090,"V字领吊带连衣裙",黑色,"669","669",前幅拼接精致蕾丝/A字裙显瘦版型/采用PU面料,"[基布]54.6%粘纤 45.4%聚酯纤维 [材质鉴别]聚氨酯(PU)人造革
里料:100%聚酯纤维
蕾丝花边:78.5%锦纶 21.5%聚酯纤维",修身,短款,1
连衣裙,1GZ3087450090,"拼接织带背带裙",黑色,"739","739",肩部拼接圆环织带/简洁纯色设计/采用毛呢面料,"69.8%聚酯纤维 30.2%绵羊毛(含微量其他纤维)
里料:100%聚酯纤维",合体,短款,1
连衣裙,1GZ3087420520,"蕾丝吊带连衣裙",黑色,"669","669",前幅拼接精致蕾丝/A字裙显瘦版型/采用PU面料,"[基布]54.6%粘纤 45.4%聚酯纤维 [材质鉴别]聚氨酯(PU)人造革
里料:100%聚酯纤维
蕾丝花边:78.5%锦纶 21.5%聚酯纤维",修身,短款,1
连衣裙,1GZ3087430090,"荷叶边无袖连衣裙",黑色,"599","599",前幅层次荷叶边/收腰修身版型/采用合成纤维面料,"73.2%聚酯纤维 20.0%粘纤 6.8%氨纶
里料:100%聚酯纤维",合体,适中,1
连衣裙,1GZ3087430120,"荷叶边无袖连衣裙",黑色,"599","599",前幅层次荷叶边/收腰修身版型/采用合成纤维面料,"73.2%聚酯纤维 20.0%粘纤 6.8%氨纶
里料:100%聚酯纤维",合体,适中,1
连衣裙,1GZ3087450133,"拼接织带背带裙",黑色,"739","739",肩部拼接圆环织带/简洁纯色设计/采用毛呢面料,"74.5%聚酯纤维 25.5%绵羊毛
里料:100%聚酯纤维",合体,短款,1
连衣裙,1GZ3087450440,"拼接织带背带裙",黑色,"739","739",肩部拼接圆环织带/简洁纯色设计/采用毛呢面料,"74.2%聚酯纤维 25.8%绵羊毛
里料:100%聚酯纤维",合体,短款,1
连衣裙,1GZ3087460923,"格纹双面呢连衣裙",黑白格,"1090","1090",复古千鸟格图案/别致撞色纽扣/采用毛呢面料,"67.3%聚酯纤维 31.8%绵羊毛 0.9%其他纤维(连接线除外)
里料:100%聚酯纤维",修身,适中,1
连衣裙,1GZ3089570090,"V领蝴蝶结背带裙",黑色,"939","939",立体条纹肌理/蝴蝶结灵动点缀/金银线别致编织,"聚酯纤维60.7% 腈纶38.4% 金属镀膜纤维0.9%
里料:聚酯纤维100%",修身,适中,1
连衣裙,1GZ3089570690,"V领蝴蝶结背带裙",黑色,"939","939",立体条纹肌理/蝴蝶结灵动点缀/金银线别致编织,"聚酯纤维60.7% 腈纶38.4% 金属镀膜纤维0.9%
里料:聚酯纤维100%",修身,适中,1
连衣裙,1GZ3082210030,"荷叶边格纹连衣裙",灰色,"769","769",复古格纹图案/拼接荷叶边设计/撞色刺绣装饰,"65.5%聚酯纤维 32.2%粘纤 2.3%氨纶
绣花线:100%聚酯纤维
里料:100%聚酯纤维",修身,短款,2
连衣裙,1GZ3089840090,"拼格子卫衣连衣裙",黑色,"669","669",手袖拼接格子图案/别致荷叶领设计/宽松卫衣式版型,"针织棉59.6% 聚酯纤维40.4%
机织聚酯纤维65.8% 粘纤31.6% 氨纶1.5% 金属镀膜纤维1.1%",宽松,适中,2
连衣裙,1GH3085960090,"不规则吊带连衣裙",黑色,"1990","1990",不规则裙摆设计/稍短内衬性感透视/精致水溶绣花制作,"聚酯纤维100%
里料:聚酯纤维91.3% 氨纶8.7%",合体,适中,2
连衣裙,1GH3086010090,"纯色v领连衣裙",黑色,"2390","2390",V型领口设计/性感透视效果/精致细腻蕾丝面料,"锦纶96.2% 氨纶3.8%
上身里料:聚酯纤维100%
下身里料:粘纤57.6% 锦纶37% 氨纶5.4%",宽松,长款,2
连衣裙,1GH3086040090,"亮片刺绣连衣裙",黑色,"839","839",亮片刺绣别致吸睛/经典醒目撞色效果/拼接假两件设计,"衫身聚酯纤维100%
袖子聚酯纤维100%
(领子和袖口部位除外)",宽松,适中,2
连衣裙,1GY3081450018,"V领荷叶袖连衣裙",白色,"1590","1590",袖口拼接荷叶边/V型领口设计/波边蕾丝精工制作,"锦纶69.8% 棉30.2%
荷叶边:聚酯纤维100%
里料:聚酯纤维100%",修身,中长,2
连衣裙,1GY3081660090,"荷叶边印花连衣裙",黑色,"1190","1190",不对称荷叶裙摆/浪漫花朵印花/收腰腰带设计,"粘纤100%
里料:聚酯纤维100%",宽松,中长,2
连衣裙,1GY3081660410,"荷叶边印花连衣裙",黑色,"1190","1190",不对称荷叶裙摆/浪漫花朵印花/收腰腰带设计,"粘纤100%
里料:聚酯纤维100%",宽松,中长,2
连衣裙,1GY3081760090,"【11.12-11.15返场价699元】荷叶娃娃领连衣裙",黑色,"999","999",俏丽娃娃领设计/拼接褶皱荷叶边/纯色修身版型,"聚酯纤维100%
撞料:聚酯纤维98.9% 氨纶1.1%
里料:聚酯纤维100%",合体,中长,2
连衣裙,1GY3081760180,"【11.12-11.15返场价699元】荷叶娃娃领连衣裙",黑色,"999","999",俏丽娃娃领设计/拼接褶皱荷叶边/纯色修身版型,"聚酯纤维100%
撞料:聚酯纤维98.9% 氨纶1.1%
里料:聚酯纤维100%",合体,中长,2
连衣裙,1GY3082810091,"毛边网纱连衣裙套装",黑底白,"1390","1390",拼接禽鸟毛边/实穿两件套装/甄选网纱面料,"聚酯纤维100%
毛条:禽鸟羽毛",合体,中长,2
连衣裙,1GY3083040130,"印花百褶连衣裙",玫红,"999","999",复古风印花图案/飘逸百褶裙摆/蕾丝材质精细制作,"聚酯纤维100%
上身网布里料:锦纶100%
下身网布里料:聚酯纤维100%
梭织里料:聚酯纤维100%",合体,中长,2
连衣裙,1GY3083040462,"蕾丝印花连衣裙",玫红,"999","999",复古风印花图案/飘逸百褶裙摆/蕾丝材质精细制作,"聚酯纤维100%
上身网布里料:锦纶100%
下身网布里料:聚酯纤维100%
梭织里料:聚酯纤维100%",合体,中长,2
连衣裙,1GY3083050180,"印花腰带连衣长裙",粉红,"969","969",浪漫花朵印花/搭配收腰腰带/性感V字领口设计,"聚酯纤维100%
里料:聚酯纤维100%",贴身,长款,2
连衣裙,1GZ3089050090,"拼网纱卫衣连衣裙",黑色,"699","699",裙摆拼接透视网纱/纯色宽松卫衣轮廓/柔韧棉质面料制作,"棉58.4% 聚酯纤维41.6%
网布:锦纶76.2% 氨纶23.8%
罗纹:棉74.8% 聚酯纤维22.6% 氨纶2.6%",宽松,中长,2
连衣裙,1GZ3089050133,"拼网纱卫衣连衣裙",黑色,"699","699",裙摆拼接透视网纱/纯色宽松卫衣轮廓/柔韧棉质面料制作,"棉58.4% 聚酯纤维41.6%
网布:锦纶76.2% 氨纶23.8%
罗纹:棉74.8% 聚酯纤维22.6% 氨纶2.6%",宽松,中长,2
连衣裙,1GZ3089050410,"拼网纱卫衣连衣裙",黑色,"699","699",裙摆拼接透视网纱/纯色宽松卫衣轮廓/柔韧棉质面料制作,"棉58.4% 聚酯纤维41.6%
网布:锦纶76.2% 氨纶23.8%
罗纹:棉74.8% 聚酯纤维22.6% 氨纶2.6%",宽松,中长,2
连衣裙,1GZ3089160050,"刺绣卫衣式连衣裙",花灰,"799","799",珠链图案刺绣/侧边拼接网纱材质/宽松卫衣版型,87.5%棉 12.5%聚酯纤维,宽松,适中,2
连衣裙,1GZ3089160180,"刺绣卫衣式连衣裙",花灰,"799","799",珠链图案刺绣/侧边拼接网纱材质/宽松卫衣版型,87.5%棉 12.5%聚酯纤维,宽松,适中,2
连衣裙,1GZ3089160650,"刺绣卫衣式连衣裙",花灰,"799","799",珠链图案刺绣/侧边拼接网纱材质/宽松卫衣版型,87.5%棉 12.5%聚酯纤维,宽松,适中,2
连衣裙,1GZ3089460090,"T恤吊带连衣裙",黑色,"769","769",交叉拼接设计/搭配纯色T恤/两件套视觉撞色,"聚酯纤维100%
里料:聚酯纤维100%",贴身,短款,2
连衣裙,1GZ3089460120,"T恤吊带连衣裙",黑色,"769","769",交叉拼接设计/搭配纯色T恤/两件套视觉撞色,"聚酯纤维100%
里料:聚酯纤维100%",贴身,短款,2
连衣裙,1GZ3088580090,"【11.12-11.15返场价469元】钉珠卫衣式连衣裙",黑色,"699","699",钉珠钻饰灵动点缀/纯色宽松卫衣版型/连帽抽绳设计,请翻转洗涤，或放入洗衣袋，以免损伤。,宽松,适中,2
连衣裙,1GZ3088580120,"【11.12-11.15返场价469元】钉珠卫衣式连衣裙",黑色,"699","699",钉珠钻饰灵动点缀/纯色宽松卫衣版型/连帽抽绳设计,请翻转洗涤，或放入洗衣袋，以免损伤。,宽松,适中,2
连衣裙,1GZ3089640090,"V领开叉连衣裙",黑色,"739","739",V型领口性感加分/侧边拼接蕾丝材质/单排扣开叉设计,"聚酯纤维72.7% 粘纤19.8% 氨纶7.5%
撞料:聚酯纤维100%
里料:聚酯纤维100%",合体,适中,2
连衣裙,1GY3081310090,"拼接露肩连衣裙",黑色,"739","739",拼接透视雪纺/挖空露肩设计/优雅灵动荷叶边,"聚酯纤维100%
里料:棉100%",合体,适中,2
连衣裙,1GY3081310120,"拼透视露肩连衣裙",黑色,"739","739",拼接透视雪纺/挖空露肩设计/优雅灵动荷叶边,"聚酯纤维100%
里料:棉100%",合体,适中,2
连衣裙,1GY3081340166,"一字领吊带连衣裙",红绿条,"1390","1390",低调撞色条纹图案/一字领吊带露肩设计/不规则层次裙摆,"棉81.0% 聚酯纤维19.0%
里料:棉100%",合体,短款,2
连衣裙,1GY3081400810,"格纹荷叶边连衣裙",啡色,"1290","1290",复古风格纹图案/不规则拼接荷叶边/性感迷人V领设计,"聚酯纤维64.2% 粘纤33.9% 氨纶1.9%
里料:聚酯纤维100%",修身,中长,2
连衣裙,1GY3081510018,"撞色荷叶连衣裙",白色,"999","999",柔美荷叶边设计/性感透视效果/领口花边系带,本品采用纱支组织疏松型面料，在使用过程中，纱支因摩擦会有少量抽出，此为正常现象；请注意避开尖利物品的勾刺、挂扯，按照洗护标识洗涤，以防止纱支破损。,合体,适中,2
连衣裙,1GY3081510690,"拼蕾丝荷叶连衣裙",白色,"999","999",柔美荷叶边设计/性感透视效果/领口花边系带,本品采用纱支组织疏松型面料，在使用过程中，纱支因摩擦会有少量抽出，此为正常现象；请注意避开尖利物品的勾刺、挂扯，按照洗护标识洗涤，以防止纱支破损。,合体,适中,2
连衣裙,1GY3081600018,"拼接荷叶边连衣裙",白色,"1690","1690",镂空设计性感透视/双袖拼接荷叶边/纯色修身版型,本品使用镂空组织面料制成，使用时，需温和对待，请注意避开尖利物品的勾刺、挂扯，按照洗护标识洗涤，以防止纱支破损。,合体,中长,2
连衣裙,1GY3081600090,"拼荷叶镂空连衣裙",白色,"1690","1690",镂空设计性感透视/双袖拼接荷叶边/纯色修身版型,本品使用镂空组织面料制成，使用时，需温和对待，请注意避开尖利物品的勾刺、挂扯，按照洗护标识洗涤，以防止纱支破损。,合体,中长,2
连衣裙,1GY3081600180,"拼荷叶镂空连衣裙",白色,"1690","1690",镂空设计性感透视/双袖拼接荷叶边/纯色修身版型,本品使用镂空组织面料制成，使用时，需温和对待，请注意避开尖利物品的勾刺、挂扯，按照洗护标识洗涤，以防止纱支破损。,合体,中长,2
连衣裙,1GY3083520650,"纯色牛仔连衣裙",深蓝,"839","839",纯色合体裙装版型/多重洗水工艺打造/甄选高含棉材质,,贴身,适中,2
连衣裙,1GZ3088990018,"【11.12-11.15返场价549元】拼接荷叶边连衣裙",白色,"1090","1090",两侧拼接雪纺荷叶/花边镂空微透肌肤/蕾丝织造精致细腻,"上身锦纶100%
下身棉60.2% 锦纶39.8%
撞料:聚酯纤维100%
里料:聚酯纤维100%",适中,0.0,2
连衣裙,1GZ3088990090,"【11.12-11.15返场价549元】荷叶边蕾丝连衣裙",白色,"1090","1090",两侧拼接雪纺荷叶/花边镂空微透肌肤/蕾丝织造精致细腻,"上身锦纶100%
下身棉60.2% 锦纶39.8%
撞料:聚酯纤维100%
里料:聚酯纤维100%",适中,0.0,2
连衣裙,1GZ3089440000,"系带长袖连衣裙",漂白,"1390","1390",系带设计柔美别致/手袖透视微露肌肤/甄选精致蕾丝面料,"锦纶54.1% 氨纶17.1% 聚酯纤维13.2% 棉9.7% 粘纤5.9%
撞料:聚酯纤维100%
上身里布:聚酯纤维100%
下身里布:聚酯纤维89.6% 氨纶10.4%",中长,0.0,2
连衣裙,1GZ3089440090,"系带蕾丝连衣裙",漂白,"1390","1390",系带设计柔美别致/手袖透视微露肌肤/甄选精致蕾丝面料,"锦纶54.1% 氨纶17.1% 聚酯纤维13.2% 棉9.7% 粘纤5.9%
撞料:聚酯纤维100%
上身里布:聚酯纤维100%
下身里布:聚酯纤维89.6% 氨纶10.4%",中长,0.0,2
连衣裙,1GZ3089530953,"撞色拼荷叶连衣裙",绿蓝格,"869","869",柔美泡泡袖设计/精致荷叶领口/拼接假两件裙型,"聚酯纤维63% 粘纤33% 氨纶4%
撞料:棉100%",合体,适中,2
连衣裙,1GZ3089540090,"纯色背带连衣裙",黑色,"699","699",前后V型领口设计/修身易搭背带版型,"聚酯纤维64.1% 粘纤30.1% 氨纶5.8%
里料:聚酯纤维100%",贴身,短款,3
连衣裙,1GZ3089640181,"V领拼蕾丝连衣裙",黑色,"739","739",V型领口性感加分/侧边拼接蕾丝材质/单排扣开叉设计,"聚酯纤维72.7% 粘纤19.8% 氨纶7.5%
撞料:聚酯纤维100%
里料:聚酯纤维100%",合体,适中,3
连衣裙,1GZ3089790120,"荷叶边印花连衣裙",大红,"999","999",层叠荷叶优雅浪漫/花朵印花抢占视野/V领设计修饰脸型,建议加入内搭穿着,中长,0.0,3
连衣裙,1GZ3089790510,"荷叶边印花连衣裙",大红,"999","999",层叠荷叶优雅浪漫/花朵印花抢占视野/V领设计修饰脸型,建议加入内搭穿着,中长,0.0,3
连衣裙,1GZ3089990018,"【11.12-11.15返场价539元】荷叶边系带连衣裙",白色,"999","999",拼接柔美荷叶边/灵活系带设计/仿珍珠纽扣装饰,"聚酯纤维100%
里料:聚酯纤维100%",适中,0.0,3
连衣裙,1GZ3089990180,"【11.12-11.15返场价539元】荷叶边系带连衣裙",白色,"999","999",拼接柔美荷叶边/灵活系带设计/仿珍珠纽扣装饰,"聚酯纤维100%
里料:聚酯纤维100%",适中,0.0,3
连衣裙,1GZ3089990620,"【11.12-11.15返场价539元】荷叶边系带连衣裙",白色,"999","999",拼接柔美荷叶边/灵活系带设计/仿珍珠纽扣装饰,"聚酯纤维100%
里料:聚酯纤维100%",适中,0.0,3
连衣裙,1GZ3089540987,"纯色背带连衣裙",黑色,"699","699",前后V型领口设计/修身易搭背带版型,"聚酯纤维65.8% 粘纤31.6% 氨纶1.5% 金属镀膜纤维1.1%
里料:聚酯纤维100%",贴身,短款,3
连衣裙,1GZ3082950650,"【11.12-11.15返场价499元】印花雪纺连衣裙",深蓝,"999","999",拼接领带设计/碎花图案印花/采用雪纺面料,"100%聚酯纤维
里料:100%聚酯纤维",合体,中长,3
连衣裙,1GH3085750501,"系带荷叶边连衣裙",墨绿,"1090","1090",袖口柔美荷叶边/灵活腰带设计/复古小翻领,"棉100%
里料:棉100%",合体,中长,3
连衣裙,1GH3085810000,"v领拼接连衣裙",漂白,"1190","1190",一字V型设计修饰脸型/拼接镂空浪漫柔美/别致花边细节点缀,"聚酯纤维66.5% 粘纤31.5% 氨纶2%
绣花网布:聚酯纤维81.2% 锦纶18.8%
里料:聚酯纤维100%",合体,适中,3
连衣裙,1GH3085810090,"拼接镂空连衣裙",漂白,"1190","1190",一字V型设计修饰脸型/拼接镂空浪漫柔美/别致花边细节点缀,"聚酯纤维66.5% 粘纤31.5% 氨纶2%
绣花网布:聚酯纤维81.2% 锦纶18.8%
里料:聚酯纤维100%",合体,适中,3
连衣裙,1GH3085860510,"单排扣格子连衣裙",绿色,"899","899",摩登复古格纹图案/裙摆开叉巧妙露肤/前幅单排扣装饰,"聚酯纤维87.2% 粘纤10% 氨纶2.8%
里料:聚酯纤维100%",修身,适中,3
连衣裙,1GY3081320090,"荷叶系带连衣裙",黑色,"799","799",拼接蕾丝透视性感/袖口柔美荷叶边/滚边系带灵动装饰,本品采用纱支组织疏松型面料，在使用过程中，纱支因摩擦会有少量抽出，此为正常现象；请注意避开尖利物品的勾刺、挂扯，按照洗护标识洗涤，以防止纱支破损。,中长,0.0,3
连衣裙,1GY3081320180,"荷叶拼蕾丝连衣裙",黑色,"799","799",拼接蕾丝透视性感/袖口柔美荷叶边/滚边系带灵动装饰,本品采用纱支组织疏松型面料，在使用过程中，纱支因摩擦会有少量抽出，此为正常现象；请注意避开尖利物品的勾刺、挂扯，按照洗护标识洗涤，以防止纱支破损。,中长,0.0,3
连衣裙,1GY3081710018,"【11.12-11.15返场价699元】纯色无袖连衣裙",白色,"999","999",领口镂空巧露肌肤/后幅拼接菱形网布/甄选精工蕾丝面料,本品采用纱支组织疏松型面料在使用过程中，纱支因摩擦会有少量抽出，此为正常现象；请注意避开尖利物品的勾刺、挂扯，按照洗护标识洗涤，以防止纱支破损。 本品采用纱支组织疏松型面料在使用过程中，纱支因摩擦会有少量抽出，此为正常现象；请注意避开尖利物品的勾刺、挂扯，按照洗护标识洗涤，以防止纱支破损。,中长,0.0,3
连衣裙,1GY3081710090,"【11.12-11.15返场价699元】镂空蕾丝连衣裙",白色,"999","999",领口镂空巧露肌肤/后幅拼接菱形网布/甄选精工蕾丝面料,本品采用纱支组织疏松型面料在使用过程中，纱支因摩擦会有少量抽出，此为正常现象；请注意避开尖利物品的勾刺、挂扯，按照洗护标识洗涤，以防止纱支破损。 本品采用纱支组织疏松型面料在使用过程中，纱支因摩擦会有少量抽出，此为正常现象；请注意避开尖利物品的勾刺、挂扯，按照洗护标识洗涤，以防止纱支破损。,中长,0.0,3
连衣裙,1GY3081780090,"【11.12-11.15返场价1113元】刺绣雪纺连衣裙",黑色,"1590","1590",金线刺绣星星图案/层叠荷叶边装饰/稍短内衬微带透视,本品采用纱支组织疏松型面料在使用过程中，纱支因摩擦会有少量抽出，此为正常现象；请注意避开尖利物品的勾刺、挂扯，按照洗护标识洗涤，以防止纱支破损。,长款,0.0,3
连衣裙,1GY3081780870,"【11.12-11.15返场价1113元】刺绣雪纺连衣裙",黑色,"1590","1590",金线刺绣星星图案/层叠荷叶边装饰/稍短内衬微带透视,本品采用纱支组织疏松型面料在使用过程中，纱支因摩擦会有少量抽出，此为正常现象；请注意避开尖利物品的勾刺、挂扯，按照洗护标识洗涤，以防止纱支破损。,长款,0.0,3
连衣裙,1GY3082820181,"贴布绣无袖连衣裙",灰粉红,"899","899",贴布绣点睛视觉/肩位透视微显性感/后幅修身隐形拉链,本品请翻转洗涤，或放入洗衣袋，以免损伤。,中长,0.0,3
连衣裙,1GY3082820501,"贴布绣无袖连衣裙",灰粉红,"899","899",贴布绣点睛视觉/肩位透视微显性感/后幅修身隐形拉链,本品请翻转洗涤，或放入洗衣袋，以免损伤。,中长,0.0,3
连衣裙,1GY3081710133,"【11.12-11.15返场价699元】镂空蕾丝连衣裙",白色,"999","999",领口镂空巧露肌肤/后幅拼接菱形网布/甄选精工蕾丝面料,本品采用纱支组织疏松型面料在使用过程中，纱支因摩擦会有少量抽出，此为正常现象；请注意避开尖利物品的勾刺、挂扯，按照洗护标识洗涤，以防止纱支破损。 本品采用纱支组织疏松型面料在使用过程中，纱支因摩擦会有少量抽出，此为正常现象；请注意避开尖利物品的勾刺、挂扯，按照洗护标识洗涤，以防止纱支破损。,中长,0.0,3
连衣裙,1GY3081300090,"一字肩吊带连衣裙",黑色,"739","739",吊带设计配合一字露肩，展露性感脖颈，勾勒窈窕迷人姿态；下摆采用了不对称材质拼接，不仅丰富了裙装的层次感且更具个性气质，举手投足间洋溢优雅韵味。,本品采用纱支组织疏松型面料，在使用过程中，纱支因摩擦会有少量抽出，此为正常现象；请注意避开尖利物品的勾刺、挂扯，按照洗护标识洗涤，以防止纱支破损。,适中,0.0,3
连衣裙,1GY3081580510,"印花腰带连衣裙",绿色,"799","799","花朵印花色调清新浪漫，衬托端庄优雅气质；不规则裙摆飘逸灵动,彰显曼妙身姿；V领设计有效修饰脸型，透露迷人小性感；腰间灵活系带，视觉上优化比例，展现纤细蛮腰。",本品采用纱支组织疏松型面料，在使用过程中，纱支因摩擦会有少量抽出，此为正常现象；请注意避开尖利物品的勾刺、挂扯，按照洗护标识洗涤，以防止纱支破损。,适中,0.0,3
连衣裙,1GY3081580810,"印花腰带连衣裙",绿色,"799","799","花朵印花色调清新浪漫，衬托端庄优雅气质；不规则裙摆飘逸灵动,彰显曼妙身姿；V领设计有效修饰脸型，透露迷人小性感；腰间灵活系带，视觉上优化比例，展现纤细蛮腰。",本品采用纱支组织疏松型面料，在使用过程中，纱支因摩擦会有少量抽出，此为正常现象；请注意避开尖利物品的勾刺、挂扯，按照洗护标识洗涤，以防止纱支破损。,适中,0.0,3
连衣裙,1GY3081730181,"波点刺绣连衣裙",灰粉红,"999","999",肩部的波点图案略带复古气息，魅力吸睛；镂空设计点缀简约连衣裙版型，巧妙露肤，尽展性感女人味；采用水溶绣花+雪纺精细打造而成，质感细腻，穿着端庄优雅。,本品采用纱支组织疏松型面料在使用过程中，纱支因摩擦会有少量抽出，此为正常现象；请注意避开尖利物品的勾刺、挂扯，按照洗护标识洗涤，以防止纱支破损。,适中,0.0,3
连衣裙,1GY3081810920,"条纹吊带连衣裙",蓝白条,"1390","1390","将经典条纹图案重新演绎，色调素雅清新，俏皮不失时髦气息；拼接提花镂空设计温婉别致，尽显品质感；小V领吊带版型+腰间灵活系带，修饰颈部与提高腰线,拉伸比例视觉。","棉100%
下摆:棉100%
里料:棉100%",适中,0.0,3
连衣裙,1GY3084130610,"单排扣丹宁牛仔裙",牛仔蓝,"899","899",单排扣+绑带设计尽显个性细节感，塑造摩登印象；收腰包臀连衣裙版型，修饰身材比例，尽显婀娜曲线；甄选高含棉面料经洗水工艺打造，舒适亲肤，穿着率性大方。,本品采用牛仔面料，首次穿着及洗涤会有掉色情况，属正常现象，建议新品洗涤一次后再穿着，单独或与同色衣物一同洗涤 ，避免接触浅色衣物，以防沾色。,短款,0.0,3
连衣裙,1GZ3089510987,"拼接格纹连衣裙",啡格,"939","939",大身加入格纹图案，打造摩登层次，复古魅力跃然而生；蕾丝花边精致拼接，更显精致柔美气质；侧边拉链巧妙修身，勾勒身形线条，尽显曼妙身姿。,"聚酯纤维65.8% 粘纤31.6% 氨纶1.5% 金属镀膜纤维1.1%
撞料:棉100%
里料:聚酯纤维100%",中长,0.0,3
连衣裙,1GZ3089580018,"纯色小立领连衣裙",白色,"999","999",以气质花边小立领，巧妙修饰颈部线条，尽展高挑印象；肩位透视效果，轻展纤细锁骨，演绎窈窕身姿；选用柔美蕾丝面料，散发复古迷人气息。,"锦纶77.4% 聚酯纤维22.6%
撞料:聚酯纤维100%
里料:聚酯纤维100%
花边:锦纶100%",适中,0.0,3
连衣裙,1GZ3089580090,"镂空蕾丝连衣裙",白色,"999","999",以气质花边小立领，巧妙修饰颈部线条，尽展高挑印象；肩位透视效果，轻展纤细锁骨，演绎窈窕身姿；选用柔美蕾丝面料，散发复古迷人气息。,"锦纶77.4% 聚酯纤维22.6%
撞料:聚酯纤维100%
里料:聚酯纤维100%
花边:锦纶100%",适中,0.0,3
连衣裙,1GZ3089870180,"印花雪纺连衣裙",粉红,"769","769",摩登小立领+绑带装饰，尽展斯文大方气质；中袖剪裁+荷叶边装饰，婉约又不失时髦感，让人印象深刻；精选印花雪纺材质，轻柔飘逸，分外吸睛。,"聚酯纤维100%
里料:聚酯纤维100%",适中,0.0,3
连衣裙,1GZ3089870650,"印花雪纺连衣裙",粉红,"769","769",摩登小立领+绑带装饰，尽展斯文大方气质；中袖剪裁+荷叶边装饰，婉约又不失时髦感，让人印象深刻；精选印花雪纺材质，轻柔飘逸，分外吸睛。,"聚酯纤维100%
里料:聚酯纤维100%",适中,0.0,3
连衣裙,1GZ2083540600,"荷叶印花连衣裙",蓝色,"799","799",荷叶边点缀袖口，巧妙修饰手臂线条，别具优雅迷人气质；花卉印花整件铺满，散发柔美复古韵味；V领排纽+收腰系带，轻展锁骨肌肤，勾勒曼妙腰身；雪纺面料轻盈飘逸，走动间摇曳浪漫风情。,"聚酯纤维100%
里料:聚酯纤维100%",合体,适中,3
连衣裙,1GY2081200090,"拼接荷叶边连衣裙",黑色,"799","799",面料:棉100%,产品或产品的某一部分含有2种及以上的纤维时，除了许可不标注的纤维外，在标签上标明的每一种纤维含量允许偏差为5%，填充物的允许偏差为10%.,修身,长款,3
连衣裙,1GY2081200790,"拼接荷叶边连衣裙",黑色,"799","799",面料:棉100%,产品或产品的某一部分含有2种及以上的纤维时，除了许可不标注的纤维外，在标签上标明的每一种纤维含量允许偏差为5%，填充物的允许偏差为10%.,修身,长款,3
连衣裙,1GY2081310018,"褶皱无袖连衣裙",白色,"899","899","面料:聚酯纤维100%
里料:聚酯纤维100%",产品或产品的某一部分含有2种及以上的纤维时，除了许可不标注的纤维外，在标签上标明的每一种纤维含量允许偏差为5%，填充物的允许偏差为10%.,修身,5-6分长,3
连衣裙,1GY2081310090,"褶皱蕾丝裙连衣裙",白色,"899","899","面料:聚酯纤维100%
里料:聚酯纤维100%",产品或产品的某一部分含有2种及以上的纤维时，除了许可不标注的纤维外，在标签上标明的每一种纤维含量允许偏差为5%，填充物的允许偏差为10%.,修身,5-6分长,3
连衣裙,1GY2086980600,"修身牛仔连衣裙",蓝色,"799","799",面料:棉91.7% 氨纶1.5% 其他纤维6.8%,产品或产品的某一部分含有2种及以上的纤维时，除了许可不标注的纤维外，在标签上标明的每一种纤维含量允许偏差为5%，填充物的允许偏差为10%.,修身,短款,3
连衣裙,1GY2084260920,"钉珠挖空连衣裙",蓝白条,"839","839",钉珠点缀领口，彰显质感，优雅加倍；后幅特色挖空，巧妙露肤，提升魅力；搭配修身腰带，凸显干练利落腔调。,棉100%,宽松,中长,3
连衣裙,1GH2085470090,"【11.12-11.15返场价490元】荷叶系带连衣裙",黑色,"1090","1090",轻透蕾丝面料，做工精致，透露出浪漫迷人气息；腰间灵活绑带设计，轻松塑造出纤细腰线，巧妙显瘦；裙摆荷叶边优雅加分，行走间灵动飘逸，魅力十足。,本品采用纱支组织疏松型面料，在使用过程中，纱支因摩擦会有少量抽出，此为正常现象；请注意避开尖利物品的勾刺、挂扯，按照洗护标识洗涤，以防止纱支破损。,修身,长款,4
连衣裙,1GH2085470130,"【11.12-11.15返场价490元】系带蕾丝连衣裙",黑色,"1090","1090",轻透蕾丝面料，做工精致，透露出浪漫迷人气息；腰间灵活绑带设计，轻松塑造出纤细腰线，巧妙显瘦；裙摆荷叶边优雅加分，行走间灵动飘逸，魅力十足。,本品采用纱支组织疏松型面料，在使用过程中，纱支因摩擦会有少量抽出，此为正常现象；请注意避开尖利物品的勾刺、挂扯，按照洗护标识洗涤，以防止纱支破损。,修身,长款,4
连衣裙,1GY2032290090,"一字肩针织连衣裙",黑色,"899","899",一字肩加入层次荷叶边，展露迷人锁骨，又不失优雅柔美气质；镂空纹路细致讲究，不同纹路相间，打破裙装单调感；下摆轻微透视，别致面料呈现出灵动感，摩登迷人。,本品采用纱支组织疏松型面料，在使用过程中，纱支因摩擦会有少量抽出，此为正常现象；请注意避开尖利物品的勾刺、挂扯，按照洗护标识洗涤，以防止纱支破损。,修身,5-6分长,4
连衣裙,1GY2082730119,"拼荷叶雪纺连衣裙",红色,"799","799",V领视觉延伸颈长，尽展窈窕迷人；袖口拼接荷叶巧妙修饰手臂，显瘦吸睛 ；甄选印花雪纺材质，柔软飘逸，时髦吸睛。,本品使用镂空组织面料制成，使用时需温和对待，请注意避开尖利物品的勾刺、挂扯，按照洗护标识洗涤，以防止纱支破损。,合体,7-8分长,4
连衣裙,1GY2082870090,"撞色褶皱连衣裙",黑色,"839","839",拼接撞色打造假两件效果，增强裙装层次，大方时髦；上半身轻微透视效果，内搭蕾丝面料，散发优雅女性魅力；弹性袖口褶皱效果颇有复古意味，个性迷人。,本品采用特殊纱支制作而成，穿着时请小心爱护，请勿用力拉扯面料，切不可揉搓及绞拧，以防对面料造成损坏。,合体,5-6分长,4
连衣裙,1GY2087300650,"吊带牛仔连衣裙",深蓝,"899","899",吊带修身剪裁，勾勒身材曲线，尽展吸睛女人味；贴布绣+钉珠装饰，时髦装饰格外亮眼；下摆多开叉剪裁，巧妙展露美腿，性感迷人；精选含棉牛仔面料，穿着舒适亲肤。,,修身,7-8分长,4
连衣裙,1GZ2089420530,"排扣背带连衣裙",卡其,"699","699",双排扣设计灵活实用，复古大气，散发端庄气质；收腰轮廓与开叉下摆巧妙结合，呈现出身材线条，个性又显瘦；背带裙款自带减龄效果，单穿或加内搭皆可，俏丽感十足。,"聚酯纤维94.3% 氨纶5.7%
里料:棉100%",修身,5-6分长,4
连衣裙,1GZ2089420650,"排扣背带连衣裙",卡其,"699","699",双排扣设计灵活实用，复古大气，散发端庄气质；收腰轮廓与开叉下摆巧妙结合，呈现出身材线条，个性又显瘦；背带裙款自带减龄效果，单穿或加内搭皆可，俏丽感十足。,"聚酯纤维94.3% 氨纶5.7%
里料:棉100%",修身,5-6分长,4
连衣裙,1GY2081850010,"两穿荷叶边连衣裙",米白,"1290","1290",两穿纽扣肩带，巧妙设计，可吊带可一字肩，尽展摩登迷人格调；镂空+刺绣裙面，浪漫优雅感从容绽放，魅力吸睛；拼接荷叶花边，修饰领口，灵动演绎俏丽都会女郎印象。,"粘纤100%
里料:聚酯纤维100%
绣花线:聚酯纤维100%",合体,5-6分长,4
连衣裙,1GY2082270601,"一字肩印花连衣裙",彩蓝,"999","999",整件铺满清新印花，尽展浪漫柔美气质；以一字露肩打造吊带连衣裙，轻轻展露肩部肌肤，俏丽又吸睛；甄选轻盈雪纺材质，于行走中摇曳灵动，散发优雅气息。,"聚酯纤维100%
里料:聚酯纤维100%",合体,长款,4
连衣裙,1GY2082390090,"一字拼荷叶连衣裙",黑色,"899","899",一字露肩设计，轻展纤细锁骨和肌肤，摩登吸睛；下摆拼接规则荷叶，巧妙修饰美腿，衬托演绎高挑窈窕身姿；稍短内衬透视效果，尽展修长身材曲线，魅力亮眼。,"上身粘纤84.3% 锦纶15.7%
下身聚酯纤维100%
上身里料:聚酯纤维95% 氨纶5%
下身里料:聚酯纤维100%",修身,长款,4
连衣裙,1GY2082710790,"绑带中袖连衣裙",浅紫蓝,"839","839",后背V型镂空设计，展露迷人肌肤，性感时髦；配搭压褶细节腰带，切割身材比例，收腰显瘦；领边加入钉珠，细节之处彰显巧思，摩登大气。,棉100%,宽松,7-8分长,4
连衣裙,1GY2082830920,"挖空钉珠连衣裙",蓝白条,"839","839",别致后幅挖空，时髦露肤，散发性感魅力；领口钉珠装饰，点缀衣衫；加入清新竖条纹图案，洋溢个性海军风尚，时髦吸睛。,棉100%,宽松,7-8分长,4
连衣裙,1GY2081520090,"荷叶波点连衣裙",黑色,"739","739",V领+流畅荷叶边，恰当地展露锁骨，凸显优雅迷人气息；不对称裙摆展现修长双腿，别具设计感，显高又个性；运用经典撞色波点元素，复古又大气。,"车缝部位不建议蒸汽熨烫，如须熨烫，可在不是车缝部位低温熨烫；此款为干洗款,水洗会造成衣服尺寸缩水,因人为洗涤不当造成成衣外观以及尺寸变化,不给予退货。",修身,长款,4
连衣裙,1GY2087370601,"交叉绑带牛仔裙",彩蓝,"769","769",后幅交叉抽绳设计，打造收腰A字轮廓，巧妙打造纤腰长腿印象；清爽背带裙型，轻松露肤，尽展优雅性感魅力；精选含棉牛仔面料，柔软亲肤，穿着舒爽大方。,棉100%,合体,5-6分长,4
连衣裙,1GZ2089250090,"印花吊带连衣裙",黑色,"699","699",荷叶不规则裙摆呈现出流畅线条感，行走间灵动飘逸，优雅个性；V领+灵活绑带吊带，带来几分小性感，魅力迷人；印花图案采用亮眼色调，碰撞出醒目效果，演绎吸睛复古风情。,"聚酯纤维100%
里料:聚酯纤维100%",修身,5-6分长,4
连衣裙,1GZ2089250600,"印花吊带连衣裙",黑色,"699","699",荷叶不规则裙摆呈现出流畅线条感，行走间灵动飘逸，优雅个性；V领+灵活绑带吊带，带来几分小性感，魅力迷人；印花图案采用亮眼色调，碰撞出醒目效果，演绎吸睛复古风情。,"聚酯纤维100%
里料:聚酯纤维100%",修身,5-6分长,4
连衣裙,1GZ2089310610,"蝴蝶结牛仔连衣裙",牛仔蓝,"699","699",领前加入固定蝴蝶结，点睛视觉，瞬间提升裙装俏丽感；A字收腰轮廓，修饰出身材曲线，展现曼妙窈窕身姿；选用棉质牛仔面料，质感柔和，整体充满清新活力。,棉100%(含微量其他纤维),合体,5-6分长,4
连衣裙,1GZ2089550920,"一字肩条纹连衣裙",蓝白条,"839","839",弹性一字肩设计，展露出迷人锁骨，尽显女性优雅魅力；不规则前短后长裙摆，别具线条感，个性时髦；整件加入刺绣图案，与条纹巧妙融合，清新又大方浪漫。,棉100%(绣花线除外),合体,7-8分长,4
连衣裙,1GY2080280920,"收腰泡泡袖连衣裙",蓝白条,"899","899",镂空刺绣装点袖子，清爽透气，巧妙露肤，尽展优雅清新感；俏丽泡泡袖+中袖剪裁，兼具甜美与婉约气息，让人耳目一新；收腰抽绳设计，视觉重塑身材比例，尤显高挑窈窕；选用条纹含棉混纺，柔韧得体，穿着舒适大方。,"聚酯纤维42.4% 棉34.9% 粘纤19.9% 氨纶2.8%
(绣花线除外)",宽松,5-6分长,4
连衣裙,1GZ2089120180,"【11.12-11.15返场价439元】一字两件套连衣裙",粉红,"999","999",绑带弹性领口打造一字肩，糅合荷叶边，性感迷人又清新；雪纺面料搭配抹胸内搭，贴心设计尽显细节，轻透而不失端庄大方；收腰荷叶与下摆几层拼接呼应，显瘦又不失层次，灵动迷人。,本品采用特殊纱支制作而成，穿着时请小心爱护，请勿用力拉扯面料，切不可揉搓及绞拧。以防对面料造成损坏。,宽松,7-8分长,4
连衣裙,1GZ2089120410,"【11.12-11.15返场价439元】一字两件套连衣裙",粉红,"999","999",绑带弹性领口打造一字肩，糅合荷叶边，性感迷人又清新；雪纺面料搭配抹胸内搭，贴心设计尽显细节，轻透而不失端庄大方；收腰荷叶与下摆几层拼接呼应，显瘦又不失层次，灵动迷人。,本品采用特殊纱支制作而成，穿着时请小心爱护，请勿用力拉扯面料，切不可揉搓及绞拧。以防对面料造成损坏。,宽松,7-8分长,4
连衣裙,1GZ2089200119,"印花吊带连衣裙",红色,"399","399",整件铺满花朵印花，撞色效果点睛视觉，同时弥漫着清新气息；V领+吊带款式，带来几分小性感，散发迷人女性魅力；下摆开叉设计，行走更灵活方便，增添飘逸感，大方摩登。,粘纤100%,合体,7-8分长,4
连衣裙,1GZ2089200600,"印花吊带连衣裙",红色,"399","399",整件铺满花朵印花，撞色效果点睛视觉，同时弥漫着清新气息；V领+吊带款式，带来几分小性感，散发迷人女性魅力；下摆开叉设计，行走更灵活方便，增添飘逸感，大方摩登。,粘纤100%,合体,7-8分长,4
连衣裙,1GZ2089220090,"花边两件套连衣裙",黑色,"639","639",配搭短袖T恤形成两件套装，省去穿搭烦恼，增强层次又时髦；V领+花边设计，细节讲究，带来几分优雅气息；单边吊糅合背带裙款，彰显设计巧思，整体清新减龄。,聚酯纤维89.9% 氨纶10.1%,合体,5-6分长,4
连衣裙,1GY1081590964,"荷叶绑带连衣裙",红杏格,"799","799",拼接荷叶边裙摆，带来灵动优雅气息，行走间摇曳生姿；搭配灵动绑带，点睛裙装细节，美观又巧妙显瘦；细格子纹路糅合俏丽色调，复古中不失青春活力感。,本品采用格子绉布面料，不可压褶，只可低温蒸汽挂烫。,合体,7-8分长,4
连衣裙,1GY1084070090,"印花吊带连衣裙",黑色,"799","799",整件铺满花朵印花，撞色效果点睛视觉，醒目又不失优雅气质；V领+后交叉吊带裙款，展露出些许肌肤，散发性感女性魅力；拼接荷叶边线条感起伏，凸显柔美浪漫气息。,"聚酯纤维100%
里料:聚酯纤维100%",合体,7-8分长,4
连衣裙,1GY1082630610,"绑带牛仔连衣裙",牛仔蓝,"699","699",前后幅V领设计，加入交叉绑带，轻展肌肤，散发摩登性感魅力；简约修身版型，勾勒窈窕身姿，尽展高挑迷人印象；选用弹力含棉牛仔，亲肤透气，舒适大方。,棉99.6% 氨纶0.4%,修身,5-6分长,4
连衣裙,1GY1081530090,"两件套蕾丝连衣裙",黑色,"1390","1390",蕾丝罩裙+吊带裙两件套，轻展雪白肌肤，散发飘逸与灵动；荷叶边领+V领剪裁绑带，增添优雅气质和淑女感；蕾丝花边喇叭袖设计，洋溢浪漫复古情怀；不规则裙摆，美腿若影若线，时髦吸睛。,本品采用纱支组织疏松型面料，在使用过程中，纱支因摩擦会有少量抽出，此为正常现象；请注意避开尖利物品的勾刺、挂扯，按照洗护标识洗涤，以防止纱支破损。,合体,7-8分长,4
连衣裙,1GY1081550090,"刺绣拼雪纺连衣裙",黑色,"1490","1490",V领剪裁+绑带设计，增添浪漫气质；拼接透视蕾丝假两件，轻展肌肤，尤显摩登格调；下摆荷叶边拼接和立体刺绣相得益彰，构筑柔美淑女印象，魅力迷人；甄选轻柔雪纺，灵动飘逸，散发时髦气息。,本品采用特殊纱支制作而成，穿着时请小心爱护，请勿用力拉扯面料，切不可揉搓及绞拧，以防对面料造成损坏。,合体,7-8分长,4
连衣裙,1GZ1089190180,"荷叶绑带连衣裙",粉红,"669","669",拼接荷叶边赋予裙装几分灵动特质，优雅而俏丽；袖口抽绳与收腰系带互相呼应，灵活实用，同时增添几分设计感；轻微不规则裙摆，呈现出流畅线条感，别具艺术感与个性。,"聚酯纤维100%
里料:聚酯纤维100%",宽松,7-8分长,4
连衣裙,1GZ1089200090,"两件套长袖连衣裙",黑色,"899","899",轻薄蕾丝面料搭配吊带裙，打造层次两件套款，性感又不失浪漫感；喇叭袖元素再次登入时尚舞台，修饰手臂线条，更显复古摩登；橡筋收腰设计，穿着灵活，同时展现出纤细腰线。,本品采用纱支组织疏松型面料，在使用过程中，纱支因摩擦会有少量抽出，此为正常现象；请注意避开尖利物品的勾刺、挂扯，按照洗护标识洗涤，以防止纱支破损。,合体,7-8分长,4
连衣裙,1GZ1089200180,"蕾丝两件套连衣裙",黑色,"899","899",轻薄蕾丝面料搭配吊带裙，打造层次两件套款，性感又不失浪漫感；喇叭袖元素再次登入时尚舞台，修饰手臂线条，更显复古摩登；橡筋收腰设计，穿着灵活，同时展现出纤细腰线。,本品采用纱支组织疏松型面料，在使用过程中，纱支因摩擦会有少量抽出，此为正常现象；请注意避开尖利物品的勾刺、挂扯，按照洗护标识洗涤，以防止纱支破损。,合体,7-8分长,4
连衣裙,1GZ1088650610,"不规则牛仔背带裙",牛仔蓝,"639","639",荷叶边带来不规则效果，斜向设计营造抢眼视觉感，尽显个性；大U型+后幅挖空，展露出些许肌肤，散发迷人魅力；背带裙款乃时尚利器，与多种风格上衣轻松搭配，俏丽减龄。,本品采用牛仔面料，首次穿着及洗涤会有掉色情况，属正常现象，建议新品洗涤一次后再穿着；单独或与同色衣物一同洗涤，避免接触浅色衣物，以防沾色。,修身,5-6分长,4
连衣裙,1GY1030140304,"撞花朵针织连衣裙",驼色,"799","799",面料:粘纤65.9% 聚酯纤维20.1% 锦纶14%,产品或产品的某一部分含有2种及以上的纤维时，除了许可不标注的纤维外，在标签上标明的每一种纤维含量允许偏差为5%，填充物的允许偏差为10%.,修身,5-6分长,4
连衣裙,1GY1030150120,"不规则背带连衣裙",大红,"799","799",面料:聚酯纤维39.7% 锦纶32.7% 腈纶21.8% 羊毛5.8%,产品或产品的某一部分含有2种及以上的纤维时，除了许可不标注的纤维外，在标签上标明的每一种纤维含量允许偏差为5%，填充物的允许偏差为10%.,修身,7-8分长,4
连衣裙,1GY1081490090,"【11.12-11.15返场价490元】斜露肩印花连衣裙",黑色,"1090","1090",本品采用特殊纱支制作而成，穿着时请小心爱护，请勿用力拉扯面料，切不可揉搓及绞拧，以防对面料造成损坏。,"聚酯纤维100%
里料:聚酯纤维100%",修身,7-8分长,4
连衣裙,1GY1084140010,"【11.12-11.15返场价359元】刺绣无袖连衣裙",米白,"799","799","面料:棉50% 聚酯纤维50%
里料:聚酯纤维100%",产品或产品的某一部分含有2种及以上的纤维时，除了许可不标注的纤维外，在标签上标明的每一种纤维含量允许偏差为5%，填充物的允许偏差为10%.,合体,短款,4
连衣裙,1GY1084140650,"【11.12-11.15返场价359元】刺绣无袖连衣裙",米白,"799","799","面料:棉50% 聚酯纤维50%
里料:聚酯纤维100%",产品或产品的某一部分含有2种及以上的纤维时，除了许可不标注的纤维外，在标签上标明的每一种纤维含量允许偏差为5%，填充物的允许偏差为10%.,合体,短款,4
连衣裙,1GZ1089130010,"【11.12-11.15返场价399元】拼镂空雪纺连衣裙",米白,"799","799","面料:聚酯纤维100%
里料:聚酯纤维100%",产品或产品的某一部分含有2种及以上的纤维时，除了许可不标注的纤维外，在标签上标明的每一种纤维含量允许偏差为5%，填充物的允许偏差为10%.,合体,5-6分长,4
连衣裙,1GZ1089130180,"【11.12-11.15返场价399元】拼镂空雪纺连衣裙",米白,"799","799","面料:聚酯纤维100%
里料:聚酯纤维100%",产品或产品的某一部分含有2种及以上的纤维时，除了许可不标注的纤维外，在标签上标明的每一种纤维含量允许偏差为5%，填充物的允许偏差为10%.,合体,5-6分长,5
连衣裙,1GZ1089130650,"【11.12-11.15返场价399元】拼镂空雪纺连衣裙",米白,"799","799","面料:聚酯纤维100%
里料:聚酯纤维100%",产品或产品的某一部分含有2种及以上的纤维时，除了许可不标注的纤维外，在标签上标明的每一种纤维含量允许偏差为5%，填充物的允许偏差为10%.,合体,5-6分长,5
连衣裙,1GZ1089230920,"一字领条纹连衣裙",蓝白条,"699","699",面料:棉100%,产品或产品的某一部分含有2种及以上的纤维时，除了许可不标注的纤维外，在标签上标明的每一种纤维含量允许偏差为5%，填充物的允许偏差为10%.,合体,5-6分长,5
连衣裙,1GZ1089510410,"印花雪纺连衣裙",黄色,"899","899","面料:聚酯纤维100%
里料:聚酯纤维100%",产品或产品的某一部分含有2种及以上的纤维时，除了许可不标注的纤维外，在标签上标明的每一种纤维含量允许偏差为5%，填充物的允许偏差为10%.,宽松,7-8分长,5
连衣裙,1GY1084570018,"绣花喇叭袖连衣裙",白色,"1390","1390",本品使用镂空组织面料制成，使用时需温和对待，请注意避开尖利物品的勾刺、挂扯，按照洗护标识洗涤，以防止纱支破损。,"聚酯纤维100%
网布:聚酯纤维91.4% 氨纶8.6%
里料:聚酯纤维100%",合体,5-6分长,5
连衣裙,1GY1084570090,"绣花喇叭袖连衣裙",白色,"1390","1390",本品使用镂空组织面料制成，使用时需温和对待，请注意避开尖利物品的勾刺、挂扯，按照洗护标识洗涤，以防止纱支破损。,"聚酯纤维100%
网布:聚酯纤维91.4% 氨纶8.6%
里料:聚酯纤维100%",合体,5-6分长,5
连衣裙,1GY1086700090,"荷叶边背带连衣裙",黑色,"999","999",灵动荷叶边拼接背带，优雅柔美，散发迷人仙女范儿；复古双排扣点缀背带裙款，摩登英伦气息跃然而生，时髦吸睛；选用欧根纱拼接，飘逸灵动，散发浪漫气息。,"聚酯纤维73.8% 粘纤19.4% 氨纶6.8%
柯根纱:聚酯纤维100%
里布:聚酯纤维100%",合体,7-8分长,5
连衣裙,1GY1084390180,"【11.12-11.15返场价449元】不规则钉珠连衣裙",黑色,"999","999","面料:聚酯纤维64.5% 粘纤32.6% 氨纶2.9%
里料:聚酯纤维100%",产品或产品的某一部分含有2种及以上的纤维时，除了许可不标注的纤维外，在标签上标明的每一种纤维含量允许偏差为5%，填充物的允许偏差为10%.,合体,5-6分长,5
连衣裙,1GY1030460090,"绑带喇叭袖连衣裙",黑色,"939","939",面料:腈纶61% 锦纶28% 羊毛11%,产品或产品的某一部分含有2种及以上的纤维时，除了许可不标注的纤维外，在标签上标明的每一种纤维含量允许偏差为5%，填充物的允许偏差为10%.,修身,7-8分长,5
连衣裙,1GY1030460120,"绑带喇叭袖连衣裙",黑色,"939","939",面料:腈纶61% 锦纶28% 羊毛11%,产品或产品的某一部分含有2种及以上的纤维时，除了许可不标注的纤维外，在标签上标明的每一种纤维含量允许偏差为5%，填充物的允许偏差为10%.,修身,7-8分长,5
连衣裙,1GY1081540410,"印花喇叭袖连衣裙",黄色,"999","999",本品采用特殊纱支制作而成，穿着时请小心爱护，请勿用力拉扯面料，切不可揉搓及绞拧，以防对面料造成损坏。,"聚酯纤维100%
里料:聚酯纤维100%",合体,5-6分长,5
连衣裙,1GY1081560530,"收腰压褶连衣裙",卡其,"999","999",面料:棉54.7% 锦纶45.3%,产品或产品的某一部分含有2种及以上的纤维时，除了许可不标注的纤维外，在标签上标明的每一种纤维含量允许偏差为5%，填充物的允许偏差为10%.,宽松,7-8分长,5
连衣裙,1GY1081570180,"荷叶边雪纺连衣裙",粉红,"1090","1090",本品采用特殊纱支制作而成，穿着时请小心爱护，请勿用力拉扯面料，切不可揉搓及绞拧，以防对面料造成损坏。,"聚酯纤维100%
里料:聚酯纤维100%",合体,7-8分长,5
连衣裙,1GY1081720090,"收腰无袖连衣裙",黑色,"799","799","面料:聚酯纤维97.7% 氨纶2.3%
里料:聚酯纤维100%",产品或产品的某一部分含有2种及以上的纤维时，除了许可不标注的纤维外，在标签上标明的每一种纤维含量允许偏差为5%，填充物的允许偏差为10%.,合体,5-6分长,5
连衣裙,1GY1081720120,"收腰无袖连衣裙",黑色,"799","799","面料:聚酯纤维97.7% 氨纶2.3%
里料:聚酯纤维100%",产品或产品的某一部分含有2种及以上的纤维时，除了许可不标注的纤维外，在标签上标明的每一种纤维含量允许偏差为5%，填充物的允许偏差为10%.,合体,5-6分长,5
连衣裙,1GY1084160090,"学院风收腰背带裙",黑色,"699","699",本品采用纱支组织疏松型面料，在使用过程中，纱支因摩擦会有少量抽出，此为正常现象；请注意避开尖利物品的勾刺、挂扯，按照洗护标识洗涤，以防止纱支破损。,"聚酯纤维100%
里料:聚酯纤维100%",修身,5-6分长,5
连衣裙,1GY1084390090,"【11.12-11.15返场价449元】不规则钉珠连衣裙",黑色,"999","999","面料:聚酯纤维64.5% 粘纤32.6% 氨纶2.9%
里料:聚酯纤维100%",产品或产品的某一部分含有2种及以上的纤维时，除了许可不标注的纤维外，在标签上标明的每一种纤维含量允许偏差为5%，填充物的允许偏差为10%.,合体,5-6分长,5
连衣裙,1GZ1082920530,"荷叶边露背连衣裙",卡其,"799","799",面料:聚酯纤维90.1% 粘纤8.9% 氨纶1%,产品或产品的某一部分含有2种及以上的纤维时，除了许可不标注的纤维外，在标签上标明的每一种纤维含量允许偏差为5%，填充物的允许偏差为10%.,合体,5-6分长,5
连衣裙,1GZ1083300042,"荷叶边碎花连衣裙",藏青,"839","839","面料:聚酯纤维100%
里料:聚酯纤维100%",产品或产品的某一部分含有2种及以上的纤维时，除了许可不标注的纤维外，在标签上标明的每一种纤维含量允许偏差为5%，填充物的允许偏差为10%.,合体,5-6分长,5
连衣裙,1GZ1083420090,"【11.12-11.15返场价399元】挖空喇叭袖连衣裙",黑色,"799","799","面料:聚酯纤维100%
里料:聚酯纤维100%",产品或产品的某一部分含有2种及以上的纤维时，除了许可不标注的纤维外，在标签上标明的每一种纤维含量允许偏差为5%，填充物的允许偏差为10%.,合体,5-6分长,5
连衣裙,1GZ1083420180,"【11.12-11.15返场价399元】挖空喇叭袖连衣裙",黑色,"799","799","面料:聚酯纤维100%
里料:聚酯纤维100%",产品或产品的某一部分含有2种及以上的纤维时，除了许可不标注的纤维外，在标签上标明的每一种纤维含量允许偏差为5%，填充物的允许偏差为10%.,合体,5-6分长,5
连衣裙,1GY1030280090,"不规则针织连衣裙",黑色,"1190","1190",面料:粘纤71.7% 锦纶15% 聚酯纤维13.3%,产品或产品的某一部分含有2种及以上的纤维时，除了许可不标注的纤维外，在标签上标明的每一种纤维含量允许偏差为5%，填充物的允许偏差为10%.,修身,5-6分长,5
连衣裙,1GY1030280120,"不规则针织连衣裙",黑色,"1190","1190",面料:粘纤71.7% 锦纶15% 聚酯纤维13.3%,产品或产品的某一部分含有2种及以上的纤维时，除了许可不标注的纤维外，在标签上标明的每一种纤维含量允许偏差为5%，填充物的允许偏差为10%.,修身,5-6分长,5
连衣裙,1GY1030310090,"荷叶褶毛织连衣裙",黑色,"1290","1290",面料:腈纶52% 羊毛48%,产品或产品的某一部分含有2种及以上的纤维时，除了许可不标注的纤维外，在标签上标明的每一种纤维含量允许偏差为5%，填充物的允许偏差为10%.,修身,5-6分长,5
连衣裙,1GY1030310120,"荷叶褶毛织连衣裙",黑色,"1290","1290",面料:腈纶52% 羊毛48%,产品或产品的某一部分含有2种及以上的纤维时，除了许可不标注的纤维外，在标签上标明的每一种纤维含量允许偏差为5%，填充物的允许偏差为10%.,修身,5-6分长,5
连衣裙,1GY1081700025,"荷叶边印花连衣裙",桃红,"1290","1290",本品采用纱支组织疏松型面料，在使用过程中，纱支因摩擦会有少量抽出，此为正常现象；请注意避开尖利物品的勾刺、挂扯，按照洗护标识洗涤，以防止纱支破损。,"聚酯纤维100%
里料:聚酯纤维100%",合体,7-8分长,5
连衣裙,1GY1083830090,"荷叶边背带连衣裙",黑色,"999","999",前幅复古双排扣设计；自带大气风范；肩部拼接荷叶边，飘逸灵动，举止优雅；搭配修身腰带，勾勒纤细身材，典雅迷人。,"聚酯纤维63% 粘纤33.2% 氨纶3.8%
柯根纱:聚酯纤维100%
里料:聚酯纤维100%",合体,适中,5
连衣裙,1GY1083860018,"提花呢无袖连衣裙",白色,"999","999",本品采用纱支组织疏松型面料，在使用过程中，纱支因摩擦会有少量抽出，此为正常现象；请注意避开尖利物品的勾刺、挂扯，按照洗护标识洗涤，以防止纱支破损。,"羊毛44.6% 腈纶42.3% 聚酯纤维13.1%(含微量其他纤维)
里料:聚酯纤维100%",合体,5-6分长,5
连衣裙,1GY1083860090,"提花羊毛呢连衣裙",白色,"999","999",本品采用纱支组织疏松型面料，在使用过程中，纱支因摩擦会有少量抽出，此为正常现象；请注意避开尖利物品的勾刺、挂扯，按照洗护标识洗涤，以防止纱支破损。,"羊毛47% 腈纶42% 聚酯纤维11%
里料:聚酯纤维100%",合体,5-6分长,5
连衣裙,1GY1083920090,"荷叶欧根纱连衣裙",黑色,"1290","1290","柯根纱绣花面料:棉75.7% 聚酯纤维24.3%
网布面料:聚酯纤维100%
里料:聚酯纤维100%",产品或产品的某一部分含有2种及以上的纤维时，除了许可不标注的纤维外，在标签上标明的每一种纤维含量允许偏差为5%，填充物的允许偏差为10%.,合体,7-8分长,5
连衣裙,1GY1084050090,"拼荷叶蕾丝连衣裙",黑色,"1390","1390",本品采用纱支组织疏松型面料，在使用过程中，纱支因摩擦会有少量抽出，此为正常现象；请注意避开尖利物品的勾刺、挂扯，按照洗护标识洗涤，以防止纱支破损。,"蕾丝锦纶100%
雪纺聚酯纤维100%
上身里料:聚酯纤维100%
下身里料:粘纤57.4% 锦纶37.2% 氨纶5.4%
蕾丝花边:锦纶100%
水溶花边:聚酯纤维100%",合体,5-6分长,5
连衣裙,1JY4081920090,"【11.12-11.15返场价359元】刺绣毛呢连衣裙",黑色,489 ,969,"面料:羊毛83.2% 锦纶8.8% 山羊绒8%(含微量其他纤维)(绣花线除外)
里料:聚酯纤维100%",产品或产品的某一部分含有2种及以上的纤维时，除了许可不标注的纤维外，在标签上标明的每一种纤维含量允许偏差为5%，填充物的允许偏差为10%.,合体,5-6分长,5
连衣裙,1JY4081920304,"【11.12-11.15返场价359元】刺绣毛呢连衣裙",黑色,489 ,969,"面料:羊毛84.2% 锦纶8.6% 山羊绒7.2%(绣花线除外)
里料:聚酯纤维100%",产品或产品的某一部分含有2种及以上的纤维时，除了许可不标注的纤维外，在标签上标明的每一种纤维含量允许偏差为5%，填充物的允许偏差为10%.,合体,5-6分长,5
连衣裙,1JY4083750130,"【11.12-11.15返场价404元】刺绣卫衣式连衣裙",黑色,449 ,899,"面料:聚酯纤维67.7% 棉29.3% 氨纶3%(绣花线除外)
罗纹:棉71.2% 聚酯纤维26% 氨纶2.8%",产品或产品的某一部分含有2种及以上的纤维时，除了许可不标注的纤维外，在标签上标明的每一种纤维含量允许偏差为5%，填充物的允许偏差为10%.,宽松,5-6分长,5
连衣裙,1JY4084160510,"拼荷叶印花连衣裙",绿色,595 ,1190,本品面料为丝绒面料，穿着时请小心爱护，请勿用力拉扯面料，切不可揉搓及绞拧，请勿压烫，如需要请采用蒸汽挂烫。,"聚酯纤维100%
里料:聚酯纤维100%",合体,长款,5
连衣裙,1JY4087060090,"假两件毛呢连衣裙",黑色,469 ,939,"面料:羊毛60.6% 粘纤39.4%
蕾丝:锦纶88.3% 氨纶11.7%
里料:聚酯纤维100%",产品或产品的某一部分含有2种及以上的纤维时，除了许可不标注的纤维外，在标签上标明的每一种纤维含量允许偏差为5%，填充物的允许偏差为10%.,合体,5-6分长,5
连衣裙,1JY4081960923,"格子压褶连衣裙",黑白格,419 ,839,本品需干洗，请包好拉链头后再洗涤。,"聚酯纤维65.2% 粘纤33.2% 氨纶1.6%
里料:聚酯纤维100%",修身,5-6分长,5
连衣裙,1JY4082010090,"【11.12-11.15返场价535元】系带呢吊带连衣裙",黑色,595 ,1190,"面料:羊毛65% 粘纤27.4% 锦纶7.6%
里料:聚酯纤维100%
内贴:羊毛67.5% 粘纤27.3% 氨纶5.2%",产品或产品的某一部分含有2种及以上的纤维时，除了许可不标注的纤维外，在标签上标明的每一种纤维含量允许偏差为5%，填充物的允许偏差为10%.,修身,5-6分长,5
连衣裙,1JY4082010181,"【11.12-11.15返场价535元】系带呢吊带连衣裙",黑色,595 ,1190,"面料:羊毛65% 粘纤27.4% 锦纶7.6%
里料:聚酯纤维100%
内贴:羊毛67.5% 粘纤27.3% 氨纶5.2%",产品或产品的某一部分含有2种及以上的纤维时，除了许可不标注的纤维外，在标签上标明的每一种纤维含量允许偏差为5%，填充物的允许偏差为10%.,修身,5-6分长,5
连衣裙,1JY4082070180,"【11.12-11.15返场价580元】丝绒荷叶边连衣裙",粉红,645 ,1290,本品面料为丝绒面料，穿着时请小心爱护，请勿用力拉扯面料，切不可揉搓及绞拧，请勿压烫，如需要请采用蒸汽挂烫。,"聚酯纤维100%
里料:聚酯纤维100%",合体,7-8分长,5
连衣裙,1JY4082070650,"【11.12-11.15返场价580元】丝绒荷叶边连衣裙",粉红,645 ,1290,本品面料为丝绒面料，穿着时请小心爱护，请勿用力拉扯面料，切不可揉搓及绞拧，请勿压烫，如需要请采用蒸汽挂烫。,"聚酯纤维100%
里料:聚酯纤维100%",合体,7-8分长,6
连衣裙,1JY4032080090,"图案毛织连衣裙",黑色,499 ,1090,本品采用深浅撞色搭配，请勿浸泡，需轻柔手洗，洗涤后请装进网袋放入洗衣机低速脱水，垂直悬挂晾干，晾干时深浅色请勿交叠在一起。,"衫身:[黑色纱线]粘纤37% 锦纶35% 兔毛17% 羊毛11%
[红色纱线]粘纤43% 锦纶43% 兔毛10% 羊毛4%
罗纹:锦纶42% 粘纤33% 兔毛15% 羊毛9% 氨纶1%",合体,5-6分长,6
连衣裙,1JY4080660090,"收腰蕾丝连衣裙",黑色,695 ,1390,本品采用纱支组织疏松型面料，在使用过程中，纱支因摩擦会有少量抽出，此为正常现象；请注意避开尖利物品的勾刺、挂扯，按照洗护标识洗涤，以防止纱支破损。,"锦纶100%
里料:聚酯纤维84.5% 氨纶15.5%
花边:聚酯纤维100%",合体,7-8分长,6
连衣裙,1JY4030430090,"荷叶毛针织连衣裙",黑色,439 ,869,"面料:锦纶49.4% 粘纤36.4% 兔毛8.9% 羊毛5.3%(含金银线部位除外)
罗纹:粘纤43.1% 锦纶40.8% 兔毛10% 羊毛6.1%",产品或产品的某一部分含有2种及以上的纤维时，除了许可不标注的纤维外，在标签上标明的每一种纤维含量允许偏差为5%，填充物的允许偏差为10%.,修身,5-6分长,6
连衣裙,1JY4030740100,"两件套镂空连衣裙",深红,669 ,1190,面料:粘纤42.5% 锦纶42.3% 兔毛9.1% 羊毛6.1%,产品或产品的某一部分含有2种及以上的纤维时，除了许可不标注的纤维外，在标签上标明的每一种纤维含量允许偏差为5%，填充物的允许偏差为10%.,修身,5-6分长,6
连衣裙,1JY4083790090,"【11.12-11.15返场价377元】卡通卫衣式连衣裙",黑色,469 ,839,"面料:棉58.4% 聚酯纤维41.6%
(绣花线除外)",产品或产品的某一部分含有2种及以上的纤维时，除了许可不标注的纤维外，在标签上标明的每一种纤维含量允许偏差为5%，填充物的允许偏差为10%.,合体,短款,6
连衣裙,1JY4030760130,"【11.12-11.15返场价259元】双袖毛织连衣裙",玫红,349 ,699,"衫身:腈纶70% 羊毛30%
袖口/下摆罗纹:腈纶62% 羊毛28% 锦纶9% 氨纶1%",产品或产品的某一部分含有2种及以上的纤维时，除了许可不标注的纤维外，在标签上标明的每一种纤维含量允许偏差为5%，填充物的允许偏差为10%.,宽松,5-6分长,6
连衣裙,1JY4030760520,"【11.12-11.15返场价259元】双袖毛织连衣裙",玫红,349 ,699,"衫身:腈纶70% 羊毛30%
袖口/下摆罗纹:腈纶62% 羊毛28% 锦纶9% 氨纶1%",产品或产品的某一部分含有2种及以上的纤维时，除了许可不标注的纤维外，在标签上标明的每一种纤维含量允许偏差为5%，填充物的允许偏差为10%.,宽松,5-6分长,6
连衣裙,1JY4031120090,"【11.12-11.15返场价404元】卡通毛织连衣裙",黑色,449 ,899,"面料:锦纶60.2% 聚酯纤维29.6% 羊毛6.1% 兔毛4.1%
罗纹:锦纶62.1% 聚酯纤维28.7% 羊毛5.1% 兔毛3.5% 氨纶0.6%",产品或产品的某一部分含有2种及以上的纤维时，除了许可不标注的纤维外，在标签上标明的每一种纤维含量允许偏差为5%，填充物的允许偏差为10%.,宽松,短款,6
连衣裙,1JY4081250119,"【11.12-11.15返场价490元】印花荷叶边连衣裙",红色,545 ,1090,,"聚酯纤维100%
里料:聚酯纤维100%",合体,长款,6
连衣裙,1JY4081250510,"【11.12-11.15返场价490元】印花荷叶边连衣裙",红色,545 ,1090,,"聚酯纤维100%
里料:聚酯纤维100%",合体,长款,6
连衣裙,1JY4083780090,"刺绣绑带连衣裙",黑色,559 ,999,面料:棉58.2% 聚酯纤维41.8%(装饰品除外),产品或产品的某一部分含有2种及以上的纤维时，除了许可不标注的纤维外，在标签上标明的每一种纤维含量允许偏差为5%，填充物的允许偏差为10%.,宽松,5-6分长,6
连衣裙,1JY4084520923,"开叉收腰背带裙",黑白格,795 ,1590,裙摆多开叉剪裁，营造线条感，走动时飘逸灵动，展现摩登自信；A字形收腰效果，轻松塑造纤细蛮腰，显瘦而大方优雅；背带裙款具备更多造型可能性与俏丽特质，结合V领剪裁，大气干练。,"羊毛37% 聚酯纤维35% 粘纤24.7% 氨纶3.3%
里料:聚酯纤维100%
网布:聚酯纤维100%",修身,7-8分长,6
连衣裙,1JY4081240090,"丝绒吊带连衣裙",黑色,499 ,969,本品为丝绒面料，穿着时请小心爱护，请勿用力拉扯面料，切不可揉搓及绞拧，请勿压烫，如需要请采用蒸汽挂烫。,"聚酯纤维95.6% 氨纶4.4%
里料:聚酯纤维100%",修身,7-8分长,6
连衣裙,1JY4081240510,"丝绒吊带连衣裙",黑色,499 ,969,本品为丝绒面料，穿着时请小心爱护，请勿用力拉扯面料，切不可揉搓及绞拧，请勿压烫，如需要请采用蒸汽挂烫。,"聚酯纤维95.6% 氨纶4.4%
里料:聚酯纤维100%",修身,7-8分长,6
连衣裙,1JY4084050090,"荷叶羊毛呢连衣裙",黑色,499 ,999,"面料:锦纶55.3% 羊毛44.7%
里料:聚酯纤维100%",产品或产品的某一部分含有2种及以上的纤维时，除了许可不标注的纤维外，在标签上标明的每一种纤维含量允许偏差为5%，填充物的允许偏差为10%.,合体,5-6分长,6
连衣裙,1JY3032190090,"撞条纹针织连衣裙",黑色,419 ,839,面料:粘纤70% 聚酯纤维30%,产品或产品的某一部分含有2种及以上的纤维时，除了许可不标注的纤维外，在标签上标明的每一种纤维含量允许偏差为5%，填充物的允许偏差为10%.,修身,5-6分长,6
连衣裙,1JY3032190810,"撞条纹针织连衣裙",黑色,419 ,839,面料:粘纤70% 聚酯纤维30%,产品或产品的某一部分含有2种及以上的纤维时，除了许可不标注的纤维外，在标签上标明的每一种纤维含量允许偏差为5%，填充物的允许偏差为10%.,修身,5-6分长,6
连衣裙,1JH3087540530,"压褶收腰背带裙",卡其,419 ,839,"面料:聚酯纤维82.5% 棉17.5%
里料:聚酯纤维100%",产品或产品的某一部分含有2种及以上的纤维时，除了许可不标注的纤维外，在标签上标明的每一种纤维含量允许偏差为5%，填充物的允许偏差为10%.,合体,长款,6
连衣裙,1JY3039860832,"条纹针织连衣裙",黑红条,369 ,739,面料:粘纤61% 锦纶20% 聚酯纤维19%,产品或产品的某一部分含有2种及以上的纤维时，除了许可不标注的纤维外，在标签上标明的每一种纤维含量允许偏差为5%，填充物的允许偏差为10%.,修身,5-6分长,6
连衣裙,1JY3083350650,"丝绒吊带连衣裙",深蓝,449 ,899,本品面料为丝绒面料，穿着时请小心爱护，请勿用力拉扯面料，切不可揉搓及绞拧，请勿压烫，如需要请采用蒸汽挂烫。,"聚酯纤维100%
里料:聚酯纤维100%",合体,5-6分长,6
连衣裙,1JY3083350800,"丝绒吊带连衣裙",深蓝,449 ,899,本品面料为丝绒面料，穿着时请小心爱护，请勿用力拉扯面料，切不可揉搓及绞拧，请勿压烫，如需要请采用蒸汽挂烫。,"聚酯纤维100%
里料:聚酯纤维100%",合体,5-6分长,6
连衣裙,1JY3083550090,"【11.12-11.15返场价301元】风衣款百褶连衣裙",黑色,419 ,839,百褶裙摆碰撞风衣款式，大胆突破设计尽展新潮特质，优雅中透露着潮流感；翻驳领设计经典大方，干练利落感轻松展现，衬托都会女性摩登印象；加入腰带修饰腰部线条，增添几分端庄感，显瘦而又大方。,"聚酯纤维100%
里料:聚酯纤维100%",合体,5-6分长,6
连衣裙,1JY3083550531,"【11.12-11.15返场价301元】风衣款百褶连衣裙",黑色,419 ,839,百褶裙摆碰撞风衣款式，大胆突破设计尽展新潮特质，优雅中透露着潮流感；翻驳领设计经典大方，干练利落感轻松展现，衬托都会女性摩登印象；加入腰带修饰腰部线条，增添几分端庄感，显瘦而又大方。,"聚酯纤维100%
里料:聚酯纤维100%",合体,5-6分长,6
连衣裙,1JY3032320090,"假两件露肩连衣裙",黑色,349 ,699,"面料:腈纶72.6% 羊毛17.9% 锦纶9.5%(绣花部分除外)
撞料:粘纤78% 聚酯纤维22%",产品或产品的某一部分含有2种及以上的纤维时，除了许可不标注的纤维外，在标签上标明的每一种纤维含量允许偏差为5%，填充物的允许偏差为10%.,合体,5-6分长,6
连衣裙,1JY3032320120,"假两件露肩连衣裙",黑色,349 ,699,"面料:腈纶72.6% 羊毛17.9% 锦纶9.5%(绣花部分除外)
撞料:粘纤78% 聚酯纤维22%",产品或产品的某一部分含有2种及以上的纤维时，除了许可不标注的纤维外，在标签上标明的每一种纤维含量允许偏差为5%，填充物的允许偏差为10%.,合体,5-6分长,6
连衣裙,1JY3086150090,"印花荷叶边连衣裙",黑色,469 ,939,"面料:聚酯纤维100%
里料:聚酯纤维100%",产品或产品的某一部分含有2种及以上的纤维时，除了许可不标注的纤维外，在标签上标明的每一种纤维含量允许偏差为5%，填充物的允许偏差为10%.,宽松,长款,6
连衣裙,1JY3083300010,"长袖两件套连衣裙",米白,369 ,739,与PU吊带裙组成两件套款式，单穿或做搭配皆可，实用好穿；配套PU吊带裙加入蕾丝花边，提升裙装浪漫感，优雅而俏丽；选用含棉面料制作，具有良好的透气性与亲肤性，穿着舒适。,聚酯纤维51.6% 棉48.4%,合体,5-6分长,6
连衣裙,1JY3085630166,"条纹后V领连衣裙",红绿条,399 ,799,,"聚酯纤维100%
(绣花线除外)",合体,5-6分长,6
连衣裙,1JY3085980090,"【11.12-11.15返场价399元】卡通卫衣式连衣裙",黑色,499 ,999,本品猫咪章仔采用毛线制成，因纱线特性，在使用过程中会产生轻微起毛球，属正常现象，穿着时请小心爱护避免摩擦，洗涤时只可轻柔手洗，切不可机洗，切不可揉搓或刮刷。,"棉87.3% 聚酯纤维12.7%
罗纹:棉71.3% 聚酯纤维26.1% 氨纶2.6%",宽松,短款,6
连衣裙,1JY3085980133,"【11.12-11.15返场价399元】卡通卫衣式连衣裙",黑色,499 ,999,本品猫咪章仔采用毛线制成，因纱线特性，在使用过程中会产生轻微起毛球，属正常现象，穿着时请小心爱护避免摩擦，洗涤时只可轻柔手洗，切不可机洗，切不可揉搓或刮刷。,"棉87.3% 聚酯纤维12.7%
罗纹:棉71.3% 聚酯纤维26.1% 氨纶2.6%",宽松,短款,6
连衣裙,1JY3085980870,"【11.12-11.15返场价399元】卡通卫衣式连衣裙",黑色,499 ,999,本品猫咪章仔采用毛线制成，因纱线特性，在使用过程中会产生轻微起毛球，属正常现象，穿着时请小心爱护避免摩擦，洗涤时只可轻柔手洗，切不可机洗，切不可揉搓或刮刷。,"棉87.3% 聚酯纤维12.7%
罗纹:棉71.3% 聚酯纤维26.1% 氨纶2.6%",宽松,短款,6
连衣裙,1JY3031100090,"系带开叉针织连衣裙",黑色,399 ,899,"面料:粘纤70% 聚酯纤维30%
(绣花线除外)
活动袖口:锦纶57.7% 聚酯薄膜纤维42.3%
(袖罗纹包边除外)",产品或产品的某一部分含有2种及以上的纤维时，除了许可不标注的纤维外，在标签上标明的每一种纤维含量允许偏差为5%，填充物的允许偏差为10%.,合体,5-6分长,6
连衣裙,1JY3031100180,"系带开叉针织连衣裙",黑色,399 ,899,"面料:粘纤70% 聚酯纤维30%
(绣花线除外)
活动袖口:锦纶57.7% 聚酯薄膜纤维42.3%
(袖罗纹包边除外)",产品或产品的某一部分含有2种及以上的纤维时，除了许可不标注的纤维外，在标签上标明的每一种纤维含量允许偏差为5%，填充物的允许偏差为10%.,合体,5-6分长,6
连衣裙,1JY3032000110,"一字肩百褶连衣裙",酒红,369 ,739,"面料:腈纶76.7% 聚酯纤维23.3%
罗纹:腈纶43.2% 锦纶39.5% 聚酯纤维13.1% 氨纶4.2%",产品或产品的某一部分含有2种及以上的纤维时，除了许可不标注的纤维外，在标签上标明的每一种纤维含量允许偏差为5%，填充物的允许偏差为10%.,修身,5-6分长,6
连衣裙,1JY3033890900,"撞条纹针织无袖连衣裙",黑蓝条,319 ,639,多色竖条纹碰撞十分吸睛，不规则宽窄设计别具个性，醒目摩登；修身版型+竖向条纹带来视觉显瘦效果，展现优美身体曲线，魅力动人；甄选优质包芯纱针织面料，质感柔韧而舒适。,粘纤69.8% 聚酯纤维30.2%,修身,5-6分长,6
连衣裙,1JY3033890970,"撞条纹针织无袖连衣裙",黑蓝条,319 ,639,多色竖条纹碰撞十分吸睛，不规则宽窄设计别具个性，醒目摩登；修身版型+竖向条纹带来视觉显瘦效果，展现优美身体曲线，魅力动人；甄选优质包芯纱针织面料，质感柔韧而舒适。,粘纤69.8% 聚酯纤维30.2%,修身,5-6分长,6
连衣裙,1JY3034180090,"荷叶边短袖连衣裙",黑色,449 ,899,肩位与袖子镂空处理，柔美肌肤若隐若现，透露出几分小性感；拼接竖条与荷边叶打破裙装单调感，增添优雅特质，端庄大方；A字收腰版型巧妙展露小蛮腰，带来视觉显瘦效果。,因面料特性，水洗后面料可能会收紧，建议选择大一码购买,修身,5-6分长,6
连衣裙,1JH3088420690,"不规则印花连衣裙",浅蓝,545 ,1090,不规则裙摆设计感十足，突破常规设计，瞬间抓取眼球，个性时髦；整件花朵植物印花弥漫着清新感，融合雪纺面料，散发艺术感而又浪漫；袖口与肩位、领口皆加入压褶荷叶，与系带V领碰撞，优雅，迷人魅力加分。,"聚酯纤维100%
里料:聚酯纤维100%",合体,7-8分长,6
连衣裙,1JH3081790610,"拼接PU牛仔吊带裙",牛仔蓝,419 ,839,,"棉100%
撞料:(基布)粘纤81.8% 聚酯纤维18.2%
[材质类别]聚氨酯(PU)人造革",修身,短款,6
连衣裙,1JY3089780923,"格子羊毛呢背带裙",黑白格,545 ,1090,"面料:羊毛69.2% 聚酯纤维30.8%
里料:棉100%",产品或产品的某一部分含有2种及以上的纤维时，除了许可不标注的纤维外，在标签上标明的每一种纤维含量允许偏差为5%，填充物的允许偏差为10%.,修身,7-8分长,7
连衣裙,1JY3083770010,"露肩印花连衣裙",米白,469 ,939,整件加入不规则猫咪图案印花，撞色效果提升视觉感，个性而俏丽；露肩镂空设计巧妙展露肌肤，带来几分小性感，尽显时髦特质；收腰版型+压褶荷叶裙摆，修饰优美身姿，散发优雅迷人气息。,"聚酯纤维92.3% 氨纶7.7%
里料:聚酯纤维100%",合体,5-6分长,7
连衣裙,1JJ3084330810,"丝绒吊带连衣裙",啡色,319 ,639,别致双肩带设计细节感十足，展露迷人后背，散发优雅女性魅力；丝绒材质质感柔和，呼应大热时尚元素，复古而又端庄高贵；裙摆加入开叉设计，行走间不经意展露长腿，大方迷人。,本品面料为丝绒面料，穿着时请小心爱护，请勿用力拉扯面料，切不可揉搓及绞拧，请勿压烫，如需要请采用蒸汽挂烫。,合体,7-8分长,7
连衣裙,1JY3031940320,"【11.12-11.15返场价267元】针织吊带连衣裙",银色,334 ,669,契合本季大热风潮，以清爽背心裙型演绎潮流达人印象，摩登又不失性感；V领+吊带款式设计，大方展露肌肤，展现健康性感魅力；选取弹力包芯纱材质，加入金银线制作，面料在不经意间散发亮泽，低调时髦。,聚酯纤维34.9% 粘纤33.9% 锦纶23% 聚酯薄膜纤维8.2%,修身,5-6分长,7
连衣裙,1JY3031940600,"【11.12-11.15返场价267元】针织吊带连衣裙",银色,334 ,669,契合本季大热风潮，以清爽背心裙型演绎潮流达人印象，摩登又不失性感；V领+吊带款式设计，大方展露肌肤，展现健康性感魅力；选取弹力包芯纱材质，加入金银线制作，面料在不经意间散发亮泽，低调时髦。,聚酯纤维34.9% 粘纤33.9% 锦纶23% 聚酯薄膜纤维8.2%,修身,5-6分长,7
连衣裙,1JY3031980180,"荷叶边条纹连衣裙",粉红,489 ,699,本品采用特殊细纱支制作而成，在穿着使用时需小心爱护，避免指甲、金属等尖锐物品的勾刮，以防造成面料钩丝及刮痕。,"大身纱线1(桔粉色/酒红色纱线)粘纤69% 聚酯纤维31%
纱线2(其它色纱线)莱赛尔纤维71% 聚酯纤维29%
里布:(其它色纱线)莱赛尔纤维71% 聚酯纤维29%",修身,5-6分长,7
连衣裙,1JH3088310690,"不规则棉质连衣裙",浅蓝,399 ,799,左右搭片设计营造不规则感，可灵活调节，打造个性穿搭，别具特色；衬衫式裙款大气随性，宽松版型衬托轻松休闲气息，尽显漫步街头慵懒格调；优质棉质面料制作，质地柔和亲肤，穿着体验更佳。,棉100%,宽松,5-6分长,7
连衣裙,1JY3083720090,"绑带背带裙连衣裙",黑色,349 ,699,"面料:聚酯纤维71.8% 粘纤20.3% 氨纶7.9%
里料:棉100%",产品或产品的某一部分含有2种及以上的纤维时，除了许可不标注的纤维外，在标签上标明的每一种纤维含量允许偏差为5%，填充物的允许偏差为10%.,修身,5-6分长,7
连衣裙,1JY3086130090,"假两件精纺连衣裙",黑色,695 ,1390,本品采用纱支组织疏松型面料，在使用过程中，纱支因摩擦会有少量抽出，此为正常现象；请注意避开尖利物品的勾刺、挂扯，按照洗护标识洗涤，以防止纱支破损。,"上身聚酯纤维96.6% 氨纶3.4%
下身聚酯纤维60.7% 羊毛39.3%
里料:聚酯纤维100%",合体,7-8分长,7
连衣裙,1JY3086710090,"荷叶褶雪纺连衣裙",黑色,649 ,1290,本品采用纱支组织疏松型面料，在使用过程中，纱支因摩擦会有少量抽出，此为正常现象；请注意避开尖利物品的勾刺、挂扯，按照洗护标识洗涤，以防止纱支破损。,"聚酯纤维100%
里料:聚酯纤维100%",宽松,7-8分长,7
连衣裙,1JY3083370462,"收腰精纺呢连衣裙",姜黄,484 ,969,"面料:聚酯纤维60.7% 羊毛39.3%
里料:棉100%",产品或产品的某一部分含有2种及以上的纤维时，除了许可不标注的纤维外，在标签上标明的每一种纤维含量允许偏差为5%，填充物的允许偏差为10%.,合体,7-8分长,7
连衣裙,1JY3083560090,"绑带百褶裙连衣裙",黑色,559 ,799,"面料:聚酯纤维100%
里料:聚酯纤维100%",产品或产品的某一部分含有2种及以上的纤维时，除了许可不标注的纤维外，在标签上标明的每一种纤维含量允许偏差为5%，填充物的允许偏差为10%.,合体,5-6分长,7
连衣裙,1JY3083560101,"绑带百褶无袖连衣裙",黑色,559 ,799,"面料:聚酯纤维100%
里料:聚酯纤维100%",产品或产品的某一部分含有2种及以上的纤维时，除了许可不标注的纤维外，在标签上标明的每一种纤维含量允许偏差为5%，填充物的允许偏差为10%.,合体,5-6分长,7
连衣裙,1JY3083560600,"绑带百褶无袖连衣裙",黑色,559 ,799,"面料:聚酯纤维100%
里料:聚酯纤维100%",产品或产品的某一部分含有2种及以上的纤维时，除了许可不标注的纤维外，在标签上标明的每一种纤维含量允许偏差为5%，填充物的允许偏差为10%.,合体,5-6分长,7
连衣裙,1JY3032110902,"撞条纹针织连衣裙",红条,419 ,839,本品采用纱支组织疏松型面料，在使用过程中，纱支因摩擦会有少量抽出，请注意避开尖利物品的勾刺、挂扯，防止纱支破损。,"腈纶66.5% 聚酯纤维27.5% 锦纶6%
衫脚罗纹:腈纶65.4% 聚酯纤维20.2% 锦纶13.1% 氨纶1.3%
领/袖口罗纹:粘纤64.8% 锦纶35.2%",修身,5-6分长,7
连衣裙,1JY3036510870,"两件套镂空针织连衣裙",杏色,449 ,899,两件套裙款，与配送吊带连衣裙搭配营造层次感，优雅而大方；镂空设计凸显肌理感，同时带来视觉透视效果，时髦中不乏小性感；挑选含棉针织面料制作，手感柔韧，质量更佳。,"棉52% 锦纶39% 聚酯薄膜纤维9%
罗纹:棉66% 锦纶33% 氨纶1%",宽松,7-8分长,7
连衣裙,1JY3080010660,"露肩印花雪纺连衣裙",宝蓝,545 ,1090,露肩设计展露肩部肌肤，呼应开叉袖口，散发性感迷人魅力；印花花朵置于雪纺之上，形成撞色效果，养眼而浪漫，凸显女性柔美气质；裙摆开叉+拼接荷叶边巧妙碰撞，增添裙装层次感，复古而端庄。,本品面料采用印花雪纺，由于风格剪裁特色，可能有些少许卡颈，购买时请留意，请选择适合码数。,修身,7-8分长,7
连衣裙,1JY3083240600,"花朵绣雪纺连衣裙",蓝色,545 ,1090,"面料:聚酯纤维100%(含绣花线)
里料:聚酯纤维100%",产品或产品的某一部分含有2种及以上的纤维时，除了许可不标注的纤维外，在标签上标明的每一种纤维含量允许偏差为5%，填充物的允许偏差为10%.,修身,5-6分长,7
连衣裙,1JY3086160018,"两件套荷叶连衣裙",白色,449 ,899,领口透视+系带设计，小性感与优雅碰撞，大方端庄又不失女人味；胸前与裙摆荷叶边处理，呼应大热时尚元素，浪漫感与时髦感兼备；两件套款式营造层次效果，轻薄网布透视尽展优美迷人魅力。,本品使用镂空组织面料制成，使用时需温和对待，请注意避开尖利物品的勾刺、挂扯，按照洗护标识洗涤，以防止纱支破损。,合体,7-8分长,7
连衣裙,1JY3086160090,"两件套荷叶连衣裙",白色,449 ,899,领口透视+系带设计，小性感与优雅碰撞，大方端庄又不失女人味；胸前与裙摆荷叶边处理，呼应大热时尚元素，浪漫感与时髦感兼备；两件套款式营造层次效果，轻薄网布透视尽展优美迷人魅力。,本品使用镂空组织面料制成，使用时需温和对待，请注意避开尖利物品的勾刺、挂扯，按照洗护标识洗涤，以防止纱支破损。,合体,7-8分长,7
连衣裙,1JY3086340090,"一字拼绣花连衣裙",黑色,399 ,799,本品采用纱支组织疏松型面料，在使用过程中，纱支因摩擦会有少量抽出，此为正常现象；请注意避开尖利物品的勾刺、挂扯，按照洗护标识洗涤，以防止纱支破损。,"上身锦纶100%
下身聚酯纤维88.6% 氨纶11.4%
里料:聚酯纤维95% 氨纶5%",合体,短款,7
连衣裙,1JY3083700520,"不规则吊带连衣裙",军绿,559 ,799,"面料:棉100%
里料:棉100%",产品或产品的某一部分含有2种及以上的纤维时，除了许可不标注的纤维外，在标签上标明的每一种纤维含量允许偏差为5%，填充物的允许偏差为10%.,修身,5-6分长,7
连衣裙,1JY2030680910,"条纹撞色短袖连衣裙",黑白条,319 ,799,修身中长裙款；醒目撞色条纹；透视感稍短内衬；精选质感针织面料,时尚单品，加入简约鞋包即可，摩登吸睛又不乏潮流感,修身,7-8分长,7
连衣裙,1JH2034030940,"挂脖条纹连衣裙",蓝条,279 ,699,清爽挂脖露肤设计，波普感条纹散发休闲度假气息，洋溢青春活力,粘纤60.8% 锦纶21.2% 聚酯纤维18%,修身,5-6分长,7
连衣裙,1JY2080510120,"雪纺吊带连衣裙",大红,227 ,569,吊带睡衣风裙款；V领+蕾丝花边；浪漫印花花朵；开叉+花边点缀,睡衣风性感裙装，加入西装外套和时髦鞋包，亮眼造型时髦十足,合体,7-8分长,7
连衣裙,1JY2085210181,"睡衣款蕾丝吊带连衣裙",灰粉红,255 ,639,大热睡衣风裙装；V领吊带设计；蕾丝花边点缀；复古系带装饰,配以简约T恤，兼具柔美与休闲，浪漫又不失时髦格调感,合体,5-6分长,7
连衣裙,1JY2084600090,"V领露背吊带连衣裙",黑色,199 ,499,配以摩登T恤，绑带细节呼应吊带设计，散发摩登优雅气息,"聚酯纤维100%
里料:聚酯纤维100%",合体,5-6分长,7
连衣裙,1JR2033010018,"两件套一字连衣裙",白色,279 ,699,两件套：连衣裙+背心；优雅一字领；时尚镂空针织；优选棉质面料,镂空针织结合两件套款式，加入简约单鞋，轻松演绎摩登度假风潮,宽松,5-6分长,7
连衣裙,1JR2033020972,"撞色长吊带连衣裙",红蓝条,279 ,699,长款吊带裙型；明亮间隔撞色；波普宽窄条纹；优选镂空针织面料,加上宽檐帽与高跟凉鞋，营造夏日里的夺目风景，俏丽吸睛,修身,长款,7
连衣裙,1JR2035450600,"V领棉吊带连衣裙",蓝色,319 ,799,修身包臀裙款；经典V领设计；裙边钩花点缀；棉质针织面料,搭配时尚跟鞋、手提包，简约大方，颇具复古时髦气息,修身,5-6分长,7
连衣裙,1JR2083070650,"拼印花雪纺吊带连衣裙",深蓝,436 ,1090,长款吊带裙型；深V+露背设计；醒目撞色印花；精选针织拼雪纺面料,夏日时尚单品，加入手拿包与高跟鞋，演绎清爽摩登印象，亮眼非常,修身,长款,7
连衣裙,1JY2031420090,"荷叶边针织连衣裙",黑色,295 ,739,气质露肩一字领；拼接荷叶边+条纹拼条；精选弹力针织混纺料,配以时髦鞋包，经典all black穿搭亮眼大气，更显俏丽迷人印象,修身,5-6分长,7
连衣裙,1JJ2080770650,"双排扣牛仔背带连衣裙",深蓝,279 ,699,包臀背带裙型；复古双排扣设计；长款修身版型；精选含棉洗水牛仔,内搭简约T恤和气质鞋包，摩登轻松碰撞淑雅格调，尽展迷人都会感,修身,长款,7
连衣裙,1JY2081310000,"V领水溶花连衣裙",漂白,516 ,1290,中长款修身版型；V领吊带设计；镂空水溶绣花边,配以简约鞋包，优雅气质尽展，演绎都会淑雅女性魅力,修身,7-8分长,7
连衣裙,1JY2081310090,"镂空水溶花无袖连衣裙",漂白,516 ,1290,中长款修身版型；V领吊带设计；镂空水溶绣花边,all black穿搭是迷人亮眼优选，摩登又不失浪漫优雅感，大方吸睛,修身,7-8分长,7
连衣裙,1JH2084010000,"【11.12-11.15返场价215元】斜肩系带棉连衣裙",漂白,239 ,799,时髦个性单品，不规则斜肩设计轻展香肩，大胆又不失摩登格调,"棉100%
里料:棉100%",修身,7-8分长,7
连衣裙,1JH2084010090,"【11.12-11.15返场价215元】斜肩系带棉连衣裙",漂白,239 ,799,加入时髦鞋包，经典黑白碰撞，尽展魅力摩登印象,棉100%,修身,7-8分长,7
连衣裙,1JH2084040090,"印花雪纺连衣裙",黑色,359 ,899,优雅气质单品，与牛仔外套碰撞意外和谐，尽展俏丽时髦气息,印花面料随机裁剪，实物图案位置与图片中的可能稍有不同，请以收到的实物为准。,合体,7-8分长,7
连衣裙,1JH2084210090,"刺绣网纱连衣裙",黑色,335 ,839,优雅气质单品，加入亮眼高跟鞋提升身材比例，尽展端庄大气,"锦纶100%(绣花线除外)
里料:聚酯纤维100%",合体,7-8分长,7
连衣裙,1JH2084210530,"刺绣网纱连衣裙",黑色,335 ,839,优雅气质单品，加入亮眼高跟鞋提升身材比例，尽展端庄大气,"锦纶100%(绣花线除外)
里料:聚酯纤维100%",合体,7-8分长,7
连衣裙,1JH2086130090,"不规则无袖连衣裙",黑色,255 ,639,摩登优雅单品，配以亮眼鞋包，构筑都会淑女印象，时髦吸睛,"粘纤60.7% 锦纶34.3% 氨纶5%
撞料:聚酯纤维100%",修身,5-6分长,8
连衣裙,1JY2081530018,"假两件中袖连衣裙",白色,295 ,739,收腰合体版型；浪漫拼接透视蕾丝；优雅荷叶袖口；优选柔韧面料,优雅气质单品，加入简约鞋包即可，散发端庄仙女范儿,合体,5-6分长,8
连衣裙,1JH2084330090,"亮片网纱长连衣裙",黑色,716 ,1790,飘逸灵动裙装，仅需加入优雅跟鞋，散发摩登淑女气息，俏丽迷人,本品采用纱支组织疏松型面料，在使用过程中请注意避开尖利物品的勾刺、挂扯，按照洗护标识洗涤，以防止纱支破损。,修身,长款,8
连衣裙,1JH2084330880,"亮片网纱长连衣裙",黑色,716 ,1790,优雅性感单品，行走中灵动摇曳，散发优雅淑女气质，仙气十足,本品采用纱支组织疏松型面料，在使用过程中请注意避开尖利物品的勾刺、挂扯，按照洗护标识洗涤，以防止纱支破损。,修身,长款,8
连衣裙,1JH2084400000,"一字领网纱连衣裙",漂白,796 ,1990,时髦气质单品，与简约跟鞋穿搭，演绎都会淑女印象，俏丽吸睛,,合体,长款,8
连衣裙,1JJ2081950018,"【11.12-11.15返场价121元】雪纺吊带连衣裙",白色,"339","339",复古睡衣风连衣裙；蕾丝贴布装饰；V领+吊带设计；精选轻柔薄雪纺,加入T恤内衬，中和慵懒性感，提升摩登活泼气息，散发都会俏丽感,合体,5-6分长,8
连衣裙,1JY2082630180,"V领拼收腰无袖连衣裙",粉红,335 ,839,大方合体剪裁；前后V领+拼接蕾丝；层次裙摆设计；优选绒感弹力布,优雅气质单品，搭配浅色跟鞋即可，凸显柔美少女气息，俏丽减龄,合体,7-8分长,8
连衣裙,1JJ2081950090,"【11.12-11.15返场价121元】雪纺吊带连衣裙",白色,135 ,339,复古睡衣风连衣裙；蕾丝贴布装饰；V领+吊带设计；精选轻柔薄雪纺,加入T恤内衬，中和慵懒性感，提升摩登活泼气息，散发都会俏丽感,合体,5-6分长,8
连衣裙,1JJ2081950810,"【11.12-11.15返场价121元】蕾丝边雪纺吊带连衣裙",白色,135 ,339,复古睡衣风连衣裙；蕾丝贴布装饰；V领+吊带设计；精选轻柔薄雪纺,加入T恤内衬，中和慵懒性感，提升摩登活泼气息，散发都会俏丽感,合体,5-6分长,8
连衣裙,1JY2032770180,"吊带针织连衣裙",粉红,307 ,769,V领吊带连衣裙；稍短内衬透视效果；百褶荷叶下摆；修身针织面料,配以清爽凉鞋，轻松展现迷人俏丽身姿，更显优雅浪漫特质,修身,7-8分长,8
连衣裙,1JY2082720650,"一字领牛仔连衣裙",深蓝,279 ,699,一字翻领+吊带露肩；收腰合体版型；精选洗水混纺牛仔面料,加入时髦凉鞋，造型清爽不累赘，俏丽又不失摩登感,合体,5-6分长,8
连衣裙,1JH2083930090,"薄V领吊带连衣裙",黑色,399 ,999,以个性叠穿为穿搭灵感，加入休闲卫衣裙碰撞，演绎率性摩登印象,本品使用镂空组织面料制成，使用时，需温和对待，请注意避开尖利物品的勾刺、挂扯，按照洗护标识洗涤，以防止纱支破损。,合体,7-8分长,8
连衣裙,1JH2084050090,"丝绒吊带连衣裙",黑色,319 ,799,无论单穿或加入内衬穿搭皆可，优雅又不失时髦格调，魅力亮眼,聚酯纤维95.9% 氨纶4.1%,修身,长款,8
连衣裙,1JH2084050620,"丝绒吊带连衣裙",黑色,319 ,799,无论单穿或加入内衬穿搭皆可，优雅又不失时髦格调，魅力亮眼,聚酯纤维95.9% 氨纶4.1%,修身,长款,8
连衣裙,1JY1081440910,"条纹吊带连衣裙",黑白条,295 ,739,修身吊带裙款；V领+大露背设计；收腰腰带+开叉；甄选棉质面料,搭配白色T恤+短靴，大方摩登，轻松演绎都会潮流印象,修身,5-6分长,8
连衣裙,1JY1082440410,"印花长吊带连衣裙",黄色,307 ,769,长款修身版型；吊带+后背交叉设计；度假风撞色印花；精选雪纺料,内搭简约T恤或单穿加上外套，休闲风鞋子点缀，大方又不失时髦感,修身,长款,8
连衣裙,1JY1081890650,"【11.12-11.15返场价225元】格子印花连衣裙",深蓝,251 ,839,中长宽松版型；翻领+系带设计；复古格子+卡通印花；精选亲肤棉质,俏皮与复古兼具，率性穿搭更显时髦魅力，格外亮眼时尚,宽松,7-8分长,8
连衣裙,1JY1081730090,"开叉长背带连衣裙",黑色,269 ,899,长款修身背带裙型；摩登后开叉设计；利落明线车缝；精选弹力混纺,加入T恤、棒球帽，尽展活力欧美风潮，更显摩登时尚气息,修身,长款,8
连衣裙,1JY1082460090,"收腰双排扣连衣裙",黑色,319 ,799,马甲款连衣裙；合体收腰版型；V形西装领；复古双排扣设计,单穿或做马甲搭配牛仔裤皆可，演绎都市摩登新风潮,合体,5-6分长,8
连衣裙,1JY1087190510,"丝绒吊带连衣裙",绿色,279 ,699,时尚吊带款式；优雅V领+花边点缀；大热丝绒材质,内搭纯色衬衫，加入时尚鞋包，整体造型彰显潮流范，出彩吸睛,合体,7-8分长,8
连衣裙,1JY1030900090,"【11.12-11.15返场价139元】撞色吊带连衣裙",黑色,161 ,599,V领吊带连衣裙；撞色波普卡通；采用双面针织工艺；优选弹力针织,搭配白色内搭，时尚手提包与鸭舌帽点缀，潮流感立显,修身,5-6分长,8
连衣裙,1JY1030900140,"【11.12-11.15返场价139元】V领撞色吊带连衣裙",黑色,161 ,599,V领吊带连衣裙；撞色波普卡通；采用双面针织工艺；优选弹力针织,加入简约内搭，撞色穿搭轻松演绎摩登自信气息，时髦又亮眼,修身,5-6分长,8
连衣裙,1JY1034790010,"【11.12-11.15返场价323元】贴布绣绑带连衣裙",米白,359 ,899,显瘦修身版型；领口针织绣花；后背绑带设计；精选含棉面料,加入简约跟鞋与手提包，优雅气质立显，展现端庄知性特质,修身,5-6分长,8
连衣裙,1JY1080600090,"两件套修身背带裙",黑色,357 ,1190,V领背带裙型；收腰修身版型；拼接蕾丝内衬；加入压褶裙摆,经典黑白穿搭是优雅之选，加入气质打底，更显浪漫淑雅气息,修身,5-6分长,8
连衣裙,1JY1085320090,"两件套绣花连衣裙",黑色,756 ,1890,时尚两件套款；气质V领设计；精致镂空图案；优选水溶绣花面料,与配送长袖连衣裙搭配，加入优雅高跟鞋，散发摩登都会淑女感,修身,短款,8
连衣裙,1JY1085320870,"两件套绣花连衣裙",黑色,756 ,1890,时尚两件套款；气质V领设计；精致镂空图案；优选水溶绣花面料,与配送长袖连衣裙搭配，加入简约鞋包，塑造甜美俏丽印象,修身,短款,8
连衣裙,1JY1085460018,"【11.12-11.15返场价348元】纯色薄长款连衣裙",白色,387 ,1290,中长宽松版型；see-through透视款；立领+花边领；精选轻柔蕾丝料,内搭纯色胸衣，加入亮色半裙，别样组合尽展时髦个性,宽松,7-8分长,8
连衣裙,1JY1085460090,"【11.12-11.15返场价348元】蕾丝透视薄连衣裙",白色,387 ,1290,中长宽松版型；see-through透视款；立领+花边领；精选轻柔蕾丝料,柔美性感单品，加入bra-top或外搭T恤皆可，轻松演绎浪漫迷人印象,宽松,7-8分长,8
连衣裙,1JY1031060090,"针织吊带连衣裙",黑色,255 ,639,中长修身版型；交叉吊带露肩设计；异材质拼接肩带,内搭纯色针织衫，深浅碰撞下尽展复古浪漫情怀，迸发摩登都会感,修身,7-8分长,8
连衣裙,1JY1031060890,"针织吊带连衣裙",黑色,255 ,639,中长修身版型；交叉吊带露肩设计；异材质拼接肩带,内搭纯色针织衫，深浅碰撞下尽展复古浪漫情怀，迸发摩登都会感,修身,7-8分长,8
连衣裙,1JY1030590090,"纯色修身针织连衣裙",黑色,327 ,1090,中长修身版型；腰部镂空针织设计；精选柔韧含棉混纺,配以亮眼鞋包，轻松点缀优雅淑女印象，更显时髦迷人魅力,修身,7-8分长,8
连衣裙,1JY1030630660,"绑带毛织连衣裙",宝蓝,319 ,799,短款宽松版型；显瘦V领设计；摩登开叉系带；精选柔韧含羊毛材质,经典黑白是打造时髦印象优选，与气质衬衫、长靴共同演绎都会魅力,宽松,短款,8
连衣裙,1JY1080500090,"印花收腰连衣裙",黑色,295 ,739,V领背带裙款；短款合体版型；俏丽数码印花图案,内搭简约针织上衣，繁简碰撞下别具优雅格调，洋溢复古浪漫情怀,合体,短款,8
连衣裙,1JY1035940970,"条纹毛织吊带连衣裙",红白条,260 ,869,中长修身版型；摩登吊带背带裙；撞色竖条纹图案；精选羊毛混纺,加入oversize外套和短靴破格重组，繁简碰撞演绎时髦都会格调,修身,7-8分长,8
