cat1_name,cat2_name,goods_name,skc_id,sale_price,origin_price,href,style,material,length,stereotype,img_src
T恤/POLO衫,无袖T恤,棉质刺绣连帽无袖T恤,3GC2025920000,￥599,,/p/3GC2025920000.shtml,拥有别致凹凸立体质感的英文Slogan，以精巧细致刺绣工艺勾画而成，于细节中显现摩登个性；以手、街景等看似毫无关联的意象，运用灰白暗调晕染相互呼应，传递出有别于墨守成规的现代年轻人时尚态度；无袖连帽轮廓，线条剪裁利落称身，呼应休闲基调；精选含棉质地打造，柔韧细致，亲肤吸汗穿着舒适；时髦休闲上装，单穿或混搭对比度强烈的反色调短袖Tee，制造鲜明层次效果，下装与各式短裤或休闲裤均可搭配，加入运动鞋，洋溢青春活力气息,面料:棉96.1% 氨纶3.9%罗纹:棉98.4% 氨纶1.6%,适中,宽松,http://img1.ochirly.com.cn/wcsstore/TrendyCatalogAssetStore/images/trendy/trendiano/2018/b/3GC2025920000/3GC2025920000_m_1.jpg
T恤/POLO衫,无袖T恤,棉质刺绣连帽无袖T恤,3GC2025920090,￥599,,/p/3GC2025920090.shtml,拥有别致凹凸立体质感的英文Slogan，以精巧细致刺绣工艺勾画而成，于细节中显现摩登个性；以手、街景等看似毫无关联的意象，运用灰白暗调晕染相互呼应，传递出有别于墨守成规的现代年轻人时尚态度；无袖连帽轮廓，线条剪裁利落称身，呼应休闲基调；精选含棉质地打造，柔韧细致，亲肤吸汗穿着舒适；时髦休闲上装，单穿或混搭对比度强烈的反色调短袖Tee，制造鲜明层次效果，下装与各式短裤或休闲裤均可搭配，加入运动鞋，洋溢青春活力气息,面料:棉96.1% 氨纶3.9%罗纹:棉98.4% 氨纶1.6%,适中,宽松,http://img1.ochirly.com.cn/wcsstore/TrendyCatalogAssetStore/images/trendy/trendiano/2018/b/3GC2025920090/3GC2025920090_m_1.jpg
T恤/POLO衫,无袖T恤,无袖T恤中长宽松印花,3GI2024570000,￥499,,/p/3GI2024570000.shtml,连帽无袖廓形剪裁，轻松注入运动活力气息，尤显清爽帅气；衣衫为双层设计，底层印花与字母，因外层薄纱的加入，多了几分朦胧感，更显别致新颖；后幅中央织带拼接，并延伸出来，巧妙增添细节看点，个性加分；外层为纱感材质，轻薄柔韧，内层为纯棉，柔软细致，层次丰富，穿着舒适亲肤；简单搭配百慕大短裤、运动鞋即可相当出彩，活力时髦感瞬间绽放，帅气吸睛,面层:聚酯纤维72.8% 锦纶27.2%里层:棉100%(绣花线除外),中长,宽松,http://img1.ochirly.com.cn/wcsstore/TrendyCatalogAssetStore/images/trendy/trendiano/2018/b/3GI2024570000/3GI2024570000_m_1.jpg
T恤/POLO衫,无袖T恤,无袖T恤中长宽松印花,3GI2024570090,￥499,,/p/3GI2024570090.shtml,连帽无袖廓形剪裁，轻松注入运动活力气息，尤显清爽帅气；衣衫为双层设计，底层印花与字母，因外层薄纱的加入，多了几分朦胧感，更显别致新颖；后幅中央织带拼接，并延伸出来，巧妙增添细节看点，个性加分；外层为纱感材质，轻薄柔韧，内层为纯棉，柔软细致，层次丰富，穿着舒适亲肤；简单搭配百慕大短裤、运动鞋即可相当出彩，活力时髦感瞬间绽放，帅气吸睛,面层:聚酯纤维72.8% 锦纶27.2%里层:棉100%(绣花线除外),中长,宽松,http://img1.ochirly.com.cn/wcsstore/TrendyCatalogAssetStore/images/trendy/trendiano/2018/b/3GI2024570090/3GI2024570090_m_1.jpg
T恤/POLO衫,无袖T恤,连帽无袖t恤宽松棉质,3GC2021460090,￥359,￥599,/p/3GC2021460090.shtml,连帽无袖廓形，以运动风为灵感来源，满溢青春的动感活力；几何字母绣章，轻点前幅下侧，增添个性看点；宽松版型，奠定休闲基调，提升轻松率性之感；高含棉混纺面料，有着柔软细致手感，透气性亦好，穿着舒适亲肤；与百慕大短裤、中筒袜、低帮鞋、胸包混搭，通身造型活力四射，刻画时髦帅气都市潮人形象,面料:棉83.1% 聚酯纤维16.9%帽里:棉100%罗纹:棉75.4% 聚酯纤维22.3% 氨纶2.3%,适中,宽松,http://img1.ochirly.com.cn/wcsstore/TrendyCatalogAssetStore/images/trendy/trendiano/2018/b/3GC2021460090/3GC2021460090_m_1.jpg
T恤/POLO衫,无袖T恤,纯棉宽松印花无袖T恤,3GC2021490090,￥319,￥399,/p/3GC2021490090.shtml,朦朦胧胧的模糊人像印花，大颗粒噪点摄影效果Mix灰白色调晕染透着淡淡神秘气氛，率性中透出不羁玩味；大小不一的英文组成Slogan，与人像重叠组合，些许违和感与硬朗张力并存，释放年轻个性魅力；前幅字母Logo点亮视线，注入街头活力气息，潮感吸睛；无袖宽松版型Cutting，线条处理利落称身，随性洒脱易穿；甄选亲肤质感纯棉面料，柔韧细致，透气舒适；时髦单品，下装与运动风百慕大短裤搭配，演绎Sunshine潮男造型,面料:棉100%,适中,宽松,http://img1.ochirly.com.cn/wcsstore/TrendyCatalogAssetStore/images/trendy/trendiano/2018/b/3GC2021490090/3GC2021490090_m_1.jpg
T恤/POLO衫,无袖T恤,棉质宽松连帽无袖T恤,3GC2025590090,￥419,￥699,/p/3GC2025590090.shtml,细致的炭墨素描笔触，勾画写实人像印花，灰白色调渲染出淡淡神秘气氛，带着耐人寻味的黯然淡漠感；涂鸦风撞色英文Logo加入，亮色调轻松制造视觉反差，鲜活灵动点亮视线；无袖连帽轮廓，配合中长款长度Cutting与宽松版型设计，呼应轻松随性基调；精选面料打造，含丰富棉成分，穿着舒适亲肤透气；时髦休闲单品，与运动风短裤尤为合搭，加入运动鞋，演绎阳光活力造型,面料:棉95.9% 氨纶4.1%罗纹:棉98.2% 氨纶1.8%,中长,宽松,http://img1.ochirly.com.cn/wcsstore/TrendyCatalogAssetStore/images/trendy/trendiano/2018/b/3GC2025590090/3GC2025590090_m_1.jpg
T恤/POLO衫,无袖T恤,棉质宽松连帽无袖T恤,3GC2025590510,￥419,￥699,/p/3GC2025590510.shtml,细致的炭墨素描笔触，勾画写实人像印花，灰白色调渲染出淡淡神秘气氛，带着耐人寻味的黯然淡漠感；涂鸦风撞色英文Logo加入，亮色调轻松制造视觉反差，鲜活灵动点亮视线；无袖连帽轮廓，配合中长款长度Cutting与宽松版型设计，呼应轻松随性基调；精选面料打造，含丰富棉成分，穿着舒适亲肤透气；时髦休闲单品，与运动风短裤尤为合搭，加入运动鞋，演绎阳光活力造型,面料:棉95.9% 氨纶4.1%罗纹:棉98.2% 氨纶1.8%,中长,宽松,http://img1.ochirly.com.cn/wcsstore/TrendyCatalogAssetStore/images/trendy/trendiano/2018/b/3GC2025590510/3GC2025590510_m_1.jpg
T恤/POLO衫,短袖T恤,宽松中长拼接短袖T恤,3GE3025150000,￥599,,/p/3GE3025150000.shtml,衣衫侧边拉链拼接，并饰以铆钉，别具新意的设计充满创意，个性吸睛；玩味廓形艺术，落肩oversize轮廓设计，带来轻松时髦气息，范儿升级；中长衣长设计，提升休闲率性味道，更具时尚型格；主面料为纯棉，柔韧细洁，穿着舒适亲肤；与宽松阔腿裤、运动鞋混搭，造型时髦慵懒，帅气抢镜,面料:棉100%撞料:锦纶80.8% 氨纶19.2%罗纹:聚酯纤维96.2% 氨纶3.8%,中长,宽松,http://img1.ochirly.com.cn/wcsstore/TrendyCatalogAssetStore/images/trendy/trendiano/2018/c/3GE3025150000/3GE3025150000_m_1.jpg
T恤/POLO衫,短袖T恤,宽松中长拼接短袖T恤,3GE3025150090,￥599,,/p/3GE3025150090.shtml,衣衫侧边拉链拼接，并饰以铆钉，别具新意的设计充满创意，个性吸睛；玩味廓形艺术，落肩oversize轮廓设计，带来轻松时髦气息，范儿升级；中长衣长设计，提升休闲率性味道，更具时尚型格；主面料为纯棉，柔韧细洁，穿着舒适亲肤；与宽松阔腿裤、运动鞋混搭，造型时髦慵懒，帅气抢镜,面料:棉100%撞料:锦纶80.8% 氨纶19.2%罗纹:聚酯纤维96.2% 氨纶3.8%,中长,宽松,http://img1.ochirly.com.cn/wcsstore/TrendyCatalogAssetStore/images/trendy/trendiano/2018/c/3GE3025150090/3GE3025150090_m_1.jpg
T恤/POLO衫,短袖T恤,字母数字纯棉短袖T恤,3GC3026750000,￥499,,/p/3GC3026750000.shtml,具有运动气质的数字图案在本季依然走俏，结合立体毛巾绣手法，打造出新鲜视觉效果，潮流感加分；基础合体版型，毫无累赘，定格百搭实穿；纯棉面料打造，穿着舒适亲肤；个性图案单品，不管是纯色还是印花下装皆可轻松hold住，混搭出时髦潮人气场；加入运动鞋及斜挎小包，引入街头风气息，帅气升级,面料:棉100%绣花线:腈纶/聚酯纤维/锦纶网布:聚酯纤维100%,适中,合体,http://img1.ochirly.com.cn/wcsstore/TrendyCatalogAssetStore/images/trendy/trendiano/2018/c/3GC3026750000/3GC3026750000_m_1.jpg
T恤/POLO衫,短袖T恤,字母数字纯棉短袖T恤,3GC3026750090,￥499,,/p/3GC3026750090.shtml,具有运动气质的数字图案在本季依然走俏，结合立体毛巾绣手法，打造出新鲜视觉效果，潮流感加分；基础合体版型，毫无累赘，定格百搭实穿；纯棉面料打造，穿着舒适亲肤；个性图案单品，不管是纯色还是印花下装皆可轻松hold住，混搭出时髦潮人气场；加入运动鞋及斜挎小包，引入街头风气息，帅气升级,面料:棉100%绣花线:腈纶/聚酯纤维/锦纶网布:聚酯纤维100%,适中,合体,http://img1.ochirly.com.cn/wcsstore/TrendyCatalogAssetStore/images/trendy/trendiano/2018/c/3GC3026750090/3GC3026750090_m_1.jpg
T恤/POLO衫,短袖T恤,短袖t恤男印花字母棉,3GC202838P000,￥299,,/p/3GC202838P000.shtml,亮色渐变字母印花，成功引人注目，为简洁轮廓增添时髦趣味，个性加分；基础圆领版型，舍去繁饰，以简约风格设计凸显经典百搭特性；纯棉面料打造，拥有柔软细腻手感，穿着舒适亲肤；字母t恤，因其与生俱来的易穿特性，一直占据潮人衣橱一席之位，与任意下装混搭皆时尚；配以短裤或九分裤、低帮鞋，穿搭简洁干净，释放青春活力气息,面料:棉100%,适中,合体,http://img1.ochirly.com.cn/wcsstore/TrendyCatalogAssetStore/images/trendy/trendiano/2018/b/3GC202838P000/3GC202838P000_m_1.jpg
T恤/POLO衫,短袖T恤,短袖t恤男印花字母棉,3GC202838P090,￥299,,/p/3GC202838P090.shtml,亮色渐变字母印花，成功引人注目，为简洁轮廓增添时髦趣味，个性加分；基础圆领版型，舍去繁饰，以简约风格设计凸显经典百搭特性；纯棉面料打造，拥有柔软细腻手感，穿着舒适亲肤；字母t恤，因其与生俱来的易穿特性，一直占据潮人衣橱一席之位，与任意下装混搭皆时尚；配以短裤或九分裤、低帮鞋，穿搭简洁干净，释放青春活力气息,面料:棉100%,适中,合体,http://img1.ochirly.com.cn/wcsstore/TrendyCatalogAssetStore/images/trendy/trendiano/2018/b/3GC202838P090/3GC202838P090_m_1.jpg
T恤/POLO衫,短袖T恤,短袖t恤男印花字母棉,3GC202838P571,￥299,,/p/3GC202838P571.shtml,亮色渐变字母印花，成功引人注目，为简洁轮廓增添时髦趣味，个性加分；基础圆领版型，舍去繁饰，以简约风格设计凸显经典百搭特性；纯棉面料打造，拥有柔软细腻手感，穿着舒适亲肤；字母t恤，因其与生俱来的易穿特性，一直占据潮人衣橱一席之位，与任意下装混搭皆时尚；配以短裤或九分裤、低帮鞋，穿搭简洁干净，释放青春活力气息,面料:棉100%,适中,合体,http://img1.ochirly.com.cn/wcsstore/TrendyCatalogAssetStore/images/trendy/trendiano/2018/b/3GC202838P571/3GC202838P571_m_1.jpg
T恤/POLO衫,短袖T恤,字母人像宽松短袖T恤,3GC3021200000,￥599,,/p/3GC3021200000.shtml,“SUBCULTURE”和怪诞人像画作，轻松把设计风格定型，亚文化风格区别于主流文化，更能体现个人主张，契合TRE Boys年轻时尚追求；亮色拼接构筑几何图案，从前幅延伸至后幅，将衣衫装点格外摩登有型，个性加分；宽松轮廓剪裁，简洁流畅线条洋溢轻松潮流气息；主面料为纯棉，手感柔软，贴身穿着舒适透气亲肤；与休闲九分裤撞色混搭，加入运动鞋和渔夫帽，一身High-Street造型，回头率飙升,面料:棉100%撞料:聚酯纤维100%罗纹:锦纶100%,适中,宽松,http://img1.ochirly.com.cn/wcsstore/TrendyCatalogAssetStore/images/trendy/trendiano/2018/c/3GC3021200000/3GC3021200000_m_1.jpg
T恤/POLO衫,短袖T恤,字母人像宽松短袖T恤,3GC3021200090,￥599,,/p/3GC3021200090.shtml,“SUBCULTURE”和怪诞人像画作，轻松把设计风格定型，亚文化风格区别于主流文化，更能体现个人主张，契合TRE Boys年轻时尚追求；亮色拼接构筑几何图案，从前幅延伸至后幅，将衣衫装点格外摩登有型，个性加分；宽松轮廓剪裁，简洁流畅线条洋溢轻松潮流气息；主面料为纯棉，手感柔软，贴身穿着舒适透气亲肤；与休闲九分裤撞色混搭，加入运动鞋和渔夫帽，一身High-Street造型，回头率飙升,面料:棉100%撞料:聚酯纤维100%罗纹:锦纶100%,适中,宽松,http://img1.ochirly.com.cn/wcsstore/TrendyCatalogAssetStore/images/trendy/trendiano/2018/c/3GC3021200090/3GC3021200090_m_1.jpg
T恤/POLO衫,短袖T恤,纯棉拼接宽松短袖T恤,3GC3021230000,￥499,,/p/3GC3021230000.shtml,本款一大特色在于解构主义的运用，以同材质同颜色解构重组构筑廓形，低调却不乏现代摩登气息；玩味廓形艺术，落肩oversize轮廓设计，结合中长款长度，带来轻松时髦气息，范儿升级；纯棉面料打造，柔韧有自然光泽感，穿着舒适亲肤；百搭又时尚，与各式裤装皆可轻松混搭，值得入手；配以百慕大短裤、运动鞋、斜挎小包，瞬间营造青春的动感活力,面料:棉100%,中长,宽松,http://img1.ochirly.com.cn/wcsstore/TrendyCatalogAssetStore/images/trendy/trendiano/2018/c/3GC3021230000/3GC3021230000_m_1.jpg
T恤/POLO衫,短袖T恤,纯棉拼接宽松短袖T恤,3GC3021230090,￥499,,/p/3GC3021230090.shtml,本款一大特色在于解构主义的运用，以同材质同颜色解构重组构筑廓形，低调却不乏现代摩登气息；玩味廓形艺术，落肩oversize轮廓设计，结合中长款长度，带来轻松时髦气息，范儿升级；纯棉面料打造，柔韧有自然光泽感，穿着舒适亲肤；百搭又时尚，与各式裤装皆可轻松混搭，值得入手；配以百慕大短裤、运动鞋、斜挎小包，瞬间营造青春的动感活力,面料:棉100%,中长,宽松,http://img1.ochirly.com.cn/wcsstore/TrendyCatalogAssetStore/images/trendy/trendiano/2018/c/3GC3021230090/3GC3021230090_m_1.jpg
T恤/POLO衫,短袖T恤,人像宽松纯棉短袖T恤,3GC3021440000,￥499,,/p/3GC3021440000.shtml,生动人物肖像画于橘黄底色上成型，使简约廓形瞬间充满艺术气息，格外抢镜；宽松落肩款式，迎合休闲基调，释放轻松随性之感；精选纯棉面料打造，穿着舒适亲肤；出彩图案恤衫，不管单穿还是内搭一样时尚有型；简单配以九分裤、运动鞋、斜挎包，活力帅气，减龄加分,面料:棉100%,适中,宽松,http://img1.ochirly.com.cn/wcsstore/TrendyCatalogAssetStore/images/trendy/trendiano/2018/c/3GC3021440000/3GC3021440000_m_1.jpg
T恤/POLO衫,短袖T恤,字母宽松纯棉短袖t恤,3GC3021460090,￥499,,/p/3GC3021460090.shtml,前幅有趣字母印花，如同3D迷幻效果，让原本以简约著称的字母也变得不一般起来，更显个性新鲜；衣衫明线车缝，使得衣衫廓形更加立体，更添摩登新意；精选纯棉面料打造，穿着舒适亲肤；字母Tee，能与衣橱各式裤装混搭，不仅可单穿，内搭一样出彩，值得推荐；简单配以九分裤、运动鞋，一身活力造型，帅气减龄,面料:棉100%,适中,宽松,http://img1.ochirly.com.cn/wcsstore/TrendyCatalogAssetStore/images/trendy/trendiano/2018/c/3GC3021460090/3GC3021460090_m_1.jpg
T恤/POLO衫,短袖T恤,字母宽松纯棉短袖t恤,3GC3021460400,￥499,,/p/3GC3021460400.shtml,前幅有趣字母印花，如同3D迷幻效果，让原本以简约著称的字母也变得不一般起来，更显个性新鲜；衣衫明线车缝，使得衣衫廓形更加立体，更添摩登新意；宽松落肩款式，迎合休闲基调，释放轻松随性之感；精选纯棉面料打造，穿着舒适亲肤；字母Tee，能与衣橱各式裤装混搭，不仅可单穿，内搭一样出彩，值得推荐；简单配以九分裤、运动鞋，一身活力造型，帅气减龄,面料:棉100%,适中,宽松,http://img1.ochirly.com.cn/wcsstore/TrendyCatalogAssetStore/images/trendy/trendiano/2018/c/3GC3021460400/3GC3021460400_m_1.jpg
T恤/POLO衫,短袖T恤,字母天使翅膀短袖T恤,3GC3022630000,￥399,,/p/3GC3022630000.shtml,一件拥有别致图案的T恤，可轻松助你在人群中脱颖而出，值得推荐；天使之翼和Slogan“Super Great”装点前幅，个性又显时髦；合体圆领恤衫，基础廓形设计，毫无累赘，尤显百搭实穿；精选优质面料，穿着舒适自在；出挑图案单品，与各式下装混搭皆可，内外穿皆适宜；与束脚九分裤、运动鞋搭配，构筑活力潮帅LOOK，减龄效果显著,面料:粘纤63% 锦纶32.3% 氨纶4.7%罗纹:聚酯纤维95.4% 氨纶4.6%,适中,合体,http://img1.ochirly.com.cn/wcsstore/TrendyCatalogAssetStore/images/trendy/trendiano/2018/c/3GC3022630000/3GC3022630000_m_1.jpg
T恤/POLO衫,短袖T恤,字母天使翅膀短袖T恤,3GC3022630090,￥399,,/p/3GC3022630090.shtml,一件拥有别致图案的T恤，可轻松助你在人群中脱颖而出，值得推荐；天使之翼和Slogan“Super Great”装点前幅，个性又显时髦；合体圆领恤衫，基础廓形设计，毫无累赘，尤显百搭实穿；精选优质面料，穿着舒适自在；出挑图案单品，与各式下装混搭皆可，内外穿皆适宜；与束脚九分裤、运动鞋搭配，构筑活力潮帅LOOK，减龄效果显著,面料:粘纤63% 锦纶32.3% 氨纶4.7%罗纹:聚酯纤维96.8% 氨纶3.2%,适中,合体,http://img1.ochirly.com.cn/wcsstore/TrendyCatalogAssetStore/images/trendy/trendiano/2018/c/3GC3022630090/3GC3022630090_m_1.jpg
T恤/POLO衫,短袖T恤,字母印花撞色短袖t恤,3GC3022640000,￥399,,/p/3GC3022640000.shtml,手写体大字母占据前幅，带出轻松随性味道，奠定休闲摩登基调；基础圆领套头廓形，线条设计毫无累赘，定格经典百搭；精选天丝面料打造，手感柔软有弹性，贴身穿着舒适自在；字母恤衫，不管单穿还是内搭皆出彩，为衣橱常备单品；配以百慕大短裤或束脚九分裤，加入运动鞋及斜挎小包，通身活力时尚造型，倍显帅气吸睛,面料:粘纤63.0% 锦纶32.3% 氨纶4.7%,适中,合体,http://img1.ochirly.com.cn/wcsstore/TrendyCatalogAssetStore/images/trendy/trendiano/2018/c/3GC3022640000/3GC3022640000_m_1.jpg
T恤/POLO衫,短袖T恤,字母印花撞色短袖t恤,3GC3022640090,￥399,,/p/3GC3022640090.shtml,手写体大字母占据前幅，带出轻松随性味道，奠定休闲摩登基调；基础圆领套头廓形，线条设计毫无累赘，定格经典百搭；精选天丝面料打造，手感柔软有弹性，贴身穿着舒适自在；字母恤衫，不管单穿还是内搭皆出彩，为衣橱常备单品；配以百慕大短裤或束脚九分裤，加入运动鞋及斜挎小包，通身活力时尚造型，倍显帅气吸睛,面料:粘纤63.0% 锦纶32.3% 氨纶4.7%,适中,合体,http://img1.ochirly.com.cn/wcsstore/TrendyCatalogAssetStore/images/trendy/trendiano/2018/c/3GC3022640090/3GC3022640090_m_1.jpg
T恤/POLO衫,短袖T恤,字母印花撞色短袖t恤,3GC3022640120,￥399,,/p/3GC3022640120.shtml,手写体大字母占据前幅，带出轻松随性味道，奠定休闲摩登基调；基础圆领套头廓形，线条设计毫无累赘，定格经典百搭；精选天丝面料打造，手感柔软有弹性，贴身穿着舒适自在；字母恤衫，不管单穿还是内搭皆出彩，为衣橱常备单品；配以百慕大短裤或束脚九分裤，加入运动鞋及斜挎小包，通身活力时尚造型，倍显帅气吸睛,面料:粘纤63.0% 锦纶32.3% 氨纶4.7%,适中,合体,http://img1.ochirly.com.cn/wcsstore/TrendyCatalogAssetStore/images/trendy/trendiano/2018/c/3GC3022640120/3GC3022640120_m_1.jpg
T恤/POLO衫,短袖T恤,印花宽松棉质短袖T恤,3GI3025010000,￥499,,/p/3GI3025010000.shtml,前幅雪纺绉纱拼接，轻盈飘逸，丰富衣衫层次感；格纹×花卉，让本季印花混搭出新鲜趣味，瞬间占据视线；略显Oversize廓形，结合落肩设计，注入轻松休闲味道，范儿升级；充满亮点单品，与简约风下装相当速配；混搭牛仔九分裤、运动鞋，简单搭配即可穿出时髦的姿态,面料:棉100%撞料:聚酯纤维100%,适中,宽松,http://img1.ochirly.com.cn/wcsstore/TrendyCatalogAssetStore/images/trendy/trendiano/2018/c/3GI3025010000/3GI3025010000_m_1.jpg
T恤/POLO衫,短袖T恤,印花宽松棉质短袖T恤,3GI3025010130,￥499,,/p/3GI3025010130.shtml,前幅雪纺绉纱拼接，轻盈飘逸，丰富衣衫层次感；格纹×花卉，让本季印花混搭出新鲜趣味，瞬间占据视线；略显Oversize廓形，结合落肩设计，注入轻松休闲味道，范儿升级；充满亮点单品，与简约风下装相当速配；混搭牛仔九分裤、运动鞋，简单搭配即可穿出时髦的姿态,面料:棉100%撞料:聚酯纤维100%,适中,宽松,http://img1.ochirly.com.cn/wcsstore/TrendyCatalogAssetStore/images/trendy/trendiano/2018/c/3GI3025010130/3GI3025010130_m_1.jpg
T恤/POLO衫,短袖T恤,线条刺绣宽松短袖T恤,3GI3025070000,￥599,,/p/3GI3025070000.shtml,利用立体刺绣，勾勒动感几何线条，让这件衣服充满巧思和看点，别具现代建筑美感；宽松轮廓剪裁，结合中长款长度，简洁流畅线条洋溢轻松潮流气息；甄选优质罗马布打造，柔软细腻，穿着舒适亲肤；与同系列百慕大短裤混搭，时髦造型格外吸睛显个性；加入潮流老爹鞋，范儿瞬间提升,面料:粘纤63% 锦纶32.3% 氨纶4.7%(绣花线除外)罗纹:聚酯纤维96.2% 氨纶3.8%,中长,宽松,http://img1.ochirly.com.cn/wcsstore/TrendyCatalogAssetStore/images/trendy/trendiano/2018/c/3GI3025070000/3GI3025070000_m_1.jpg
T恤/POLO衫,短袖T恤,线条刺绣宽松短袖T恤,3GI3025070090,￥599,,/p/3GI3025070090.shtml,利用立体刺绣，勾勒动感几何线条，让这件衣服充满巧思和看点，别具现代建筑美感；宽松轮廓剪裁，结合中长款长度，简洁流畅线条洋溢轻松潮流气息；甄选优质罗马布打造，柔软细腻，穿着舒适亲肤；与同系列百慕大短裤混搭，时髦造型格外吸睛显个性；加入潮流老爹鞋，范儿瞬间提升,面料:粘纤63% 锦纶32.3% 氨纶4.7%(绣花线除外)罗纹:聚酯纤维96.2% 氨纶3.8%,中长,宽松,http://img1.ochirly.com.cn/wcsstore/TrendyCatalogAssetStore/images/trendy/trendiano/2018/c/3GI3025070090/3GI3025070090_m_1.jpg
T恤/POLO衫,短袖T恤,棉质宽松印花短袖T恤,3GC3020060000,￥399,,/p/3GC3020060000.shtml,两种风格不同的人像半脸破格重组，以素描和写实美式漫画刻画出深邃轮廓，配以黑白色渲染出淡淡神秘怪诞气氛，个性吸睛；圆领短袖轮廓，配合宽松版型设计，呼应休闲随性基调；精选面料打造，含丰富棉成分，柔软细致，穿着舒适亲肤透气；时髦休闲单品，与百慕大短裤或各式长款搭配皆可，再配入低帮鞋，演绎阳光帅气造型,面料:棉83.3% 聚酯纤维16.7%罗纹:聚酯纤维96.8% 氨纶3.2%,适中,宽松,http://img1.ochirly.com.cn/wcsstore/TrendyCatalogAssetStore/images/trendy/trendiano/2018/c/3GC3020060000/3GC3020060000_m_1.jpg
T恤/POLO衫,短袖T恤,棉质宽松印花短袖T恤,3GC3020060090,￥399,,/p/3GC3020060090.shtml,两种风格不同的人像半脸破格重组，以素描和写实美式漫画刻画出深邃轮廓，配以黑白色渲染出淡淡神秘怪诞气氛，个性吸睛；圆领短袖轮廓，配合宽松版型设计，呼应休闲随性基调；精选面料打造，含丰富棉成分，柔软细致，穿着舒适亲肤透气；时髦休闲单品，与百慕大短裤或各式长款搭配皆可，再配入低帮鞋，演绎阳光帅气造型,面料:棉83.3% 聚酯纤维16.7%罗纹:聚酯纤维96.8% 氨纶3.2%,适中,宽松,http://img1.ochirly.com.cn/wcsstore/TrendyCatalogAssetStore/images/trendy/trendiano/2018/c/3GC3020060090/3GC3020060090_m_1.jpg
T恤/POLO衫,短袖T恤,条纹字母LOGO拼接T恤,3GC3020860090,￥499,,/p/3GC3020860090.shtml,Logo印花一贯于时尚界大行其道，秉承其耐看长青的性质，深受时尚设计者钟爱；运用间色条纹织带和网布组合拼接于双袖，为衣身制造丰富视觉层次，同时注入摩登运动气息；短袖圆领轮廓，线条处理利落称身，呼应休闲基调；精选面料打造，柔韧细致，穿着舒适；时髦休闲单品，下装配入百慕大短裤或哈伦裤，加入低帮鞋，演绎率性街头范儿,面料:聚酯纤维100%撞布:聚酯纤维100%织带:聚酯纤维100%,中长,宽松,http://img1.ochirly.com.cn/wcsstore/TrendyCatalogAssetStore/images/trendy/trendiano/2018/c/3GC3020860090/3GC3020860090_m_1.jpg
T恤/POLO衫,短袖T恤,刺绣纯棉宽松短袖T恤,3GC3023910000,￥499,,/p/3GC3023910000.shtml,精致刺绣工艺Mix数码印花，勾画撞色英文Slogan图案，分别饰于领子与后幅，瞬间注入率性街头气息，焕发青春活力；圆领短袖轮廓，配合宽松版型设计，呼应轻松随性基调；甄选亲肤质感纯棉面料，柔软透气吸汗，穿着舒适自在；时髦休闲单品，下装配入运动风短裤或各式休闲长裤，加入低帮鞋，打造阳光爽朗造型,面料:棉100%里布:聚酯纤维100%,适中,宽松,http://img1.ochirly.com.cn/wcsstore/TrendyCatalogAssetStore/images/trendy/trendiano/2018/c/3GC3023910000/3GC3023910000_m_1.jpg
T恤/POLO衫,短袖T恤,刺绣纯棉宽松短袖T恤,3GC3023910090,￥499,,/p/3GC3023910090.shtml,精致刺绣工艺Mix数码印花，勾画撞色英文Slogan图案，分别饰于领子与后幅，瞬间注入率性街头气息，焕发青春活力；圆领短袖轮廓，配合宽松版型设计，呼应轻松随性基调；甄选亲肤质感纯棉面料，柔软透气吸汗，穿着舒适自在；时髦休闲单品，下装配入运动风短裤或各式休闲长裤，加入低帮鞋，打造阳光爽朗造型,面料:棉100%里布:聚酯纤维100%,适中,宽松,http://img1.ochirly.com.cn/wcsstore/TrendyCatalogAssetStore/images/trendy/trendiano/2018/c/3GC3023910090/3GC3023910090_m_1.jpg
T恤/POLO衫,短袖T恤,刺绣纯棉宽松短袖T恤,3GC3023910500,￥499,,/p/3GC3023910500.shtml,精致刺绣工艺Mix数码印花，勾画撞色英文Slogan图案，分别饰于领子与后幅，瞬间注入率性街头气息，焕发青春活力；圆领短袖轮廓，配合宽松版型设计，呼应轻松随性基调；甄选亲肤质感纯棉面料，柔软透气吸汗，穿着舒适自在；时髦休闲单品，下装配入运动风短裤或各式休闲长裤，加入低帮鞋，打造阳光爽朗造型,面料:棉100%里布:聚酯纤维100%,适中,宽松,http://img1.ochirly.com.cn/wcsstore/TrendyCatalogAssetStore/images/trendy/trendiano/2018/c/3GC3023910500/3GC3023910500_m_1.jpg
T恤/POLO衫,短袖T恤,棉质宽松印花圆领T恤,3GC3025810000,￥499,,/p/3GC3025810000.shtml,模仿粉笔黑白涂鸦风格，Colourful字母印花以贴布绣形式不对称饰于前幅，个性中展现年轻活力气息；圆领短袖轮廓，配合宽松版型设计，呼应休闲随性基调；甄选棉质面料打造，亲肤柔软透气，穿着舒适自在；时髦休闲单品，下装配入短裤或束脚哈伦裤，加入低帮鞋，轻松打造阳光帅气潮男形象,面料:棉96.0% 氨纶4.0%印花贴布:棉100%,适中,宽松,http://img1.ochirly.com.cn/wcsstore/TrendyCatalogAssetStore/images/trendy/trendiano/2018/c/3GC3025810000/3GC3025810000_m_1.jpg
T恤/POLO衫,短袖T恤,棉质宽松印花圆领T恤,3GC3025810090,￥499,,/p/3GC3025810090.shtml,模仿粉笔黑白涂鸦风格，Colourful字母印花以贴布绣形式不对称饰于前幅，个性中展现年轻活力气息；圆领短袖轮廓，配合宽松版型设计，呼应休闲随性基调；甄选棉质面料打造，亲肤柔软透气，穿着舒适自在；时髦休闲单品，下装配入短裤或束脚哈伦裤，加入低帮鞋，轻松打造阳光帅气潮男形象,面料:棉96.0% 氨纶4.0%印花贴布:棉100%,适中,宽松,http://img1.ochirly.com.cn/wcsstore/TrendyCatalogAssetStore/images/trendy/trendiano/2018/c/3GC3025810090/3GC3025810090_m_1.jpg
T恤/POLO衫,短袖T恤,纯棉纯色中长宽松T恤,3GC3025880000,￥399,,/p/3GC3025880000.shtml,静默淡然的纯色衣身，传递出宁静质朴的现代生活审美，勾勒雅致素净质感；双肩同色贴布绣装饰，赋予衣服更多时尚看点，低调中展现个性；中长款长度剪裁，配合流畅线条宽松版型，构筑悠闲舒适廓形；甄选亲肤质感纯棉面料，柔软透气吸汗，穿着舒适自在；时髦休闲款式，下装配入短裤或束脚哈伦裤，加入低帮鞋，轻松打造阳光帅气潮男形象,面料:棉100%撞料:锦纶100%,中长,宽松,http://img1.ochirly.com.cn/wcsstore/TrendyCatalogAssetStore/images/trendy/trendiano/2018/c/3GC3025880000/3GC3025880000_m_1.jpg
T恤/POLO衫,短袖T恤,纯棉纯色中长宽松T恤,3GC3025880090,￥399,,/p/3GC3025880090.shtml,静默淡然的纯色衣身，传递出宁静质朴的现代生活审美，勾勒雅致素净质感；双肩同色贴布绣装饰，赋予衣服更多时尚看点，低调中展现个性；中长款长度剪裁，配合流畅线条宽松版型，构筑悠闲舒适廓形；甄选亲肤质感纯棉面料，柔软透气吸汗，穿着舒适自在；时髦休闲款式，下装配入短裤或束脚哈伦裤，加入低帮鞋，轻松打造阳光帅气潮男形象,面料:棉100%撞料:锦纶100%,中长,宽松,http://img1.ochirly.com.cn/wcsstore/TrendyCatalogAssetStore/images/trendy/trendiano/2018/c/3GC3025880090/3GC3025880090_m_1.jpg
T恤/POLO衫,短袖T恤,纯棉刺绣圆领短袖T恤,3GC3026400000,￥499,,/p/3GC3026400000.shtml,运用精巧细致的刺绣工艺，勾画乖张眼睛图案，透着宗教神秘色彩，搭配英文Slogan印花与花蛇图案，亮点出挑个性吸睛；圆领短袖轮廓，线条处理利落称身，呼应休闲基调；甄选亲肤质感纯棉面料，柔软透气吸汗，穿着舒适自在；时髦休闲款式，下装配入短裤或束脚哈伦裤，加入低帮鞋，轻松打造阳光帅气潮男形象,面料:棉100%里布:聚酯纤维100%,适中,合体,http://img1.ochirly.com.cn/wcsstore/TrendyCatalogAssetStore/images/trendy/trendiano/2018/c/3GC3026400000/3GC3026400000_m_1.jpg
T恤/POLO衫,短袖T恤,纯棉刺绣圆领短袖T恤,3GC3026400090,￥499,,/p/3GC3026400090.shtml,运用精巧细致的刺绣工艺，勾画乖张眼睛图案，透着宗教神秘色彩，搭配英文Slogan印花与花蛇图案，亮点出挑个性吸睛；圆领短袖轮廓，线条处理利落称身，呼应休闲基调；甄选亲肤质感纯棉面料，柔软透气吸汗，穿着舒适自在；时髦休闲款式，下装配入短裤或束脚哈伦裤，加入低帮鞋，轻松打造阳光帅气潮男形象,面料:棉100%里布:聚酯纤维100%,适中,合体,http://img1.ochirly.com.cn/wcsstore/TrendyCatalogAssetStore/images/trendy/trendiano/2018/c/3GC3026400090/3GC3026400090_m_1.jpg
T恤/POLO衫,短袖T恤,纯棉刺绣圆领短袖T恤,3GC3026400181,￥499,,/p/3GC3026400181.shtml,运用精巧细致的刺绣工艺，勾画乖张眼睛图案，透着宗教神秘色彩，搭配英文Slogan印花与花蛇图案，亮点出挑个性吸睛；圆领短袖轮廓，线条处理利落称身，呼应休闲基调；甄选亲肤质感纯棉面料，柔软透气吸汗，穿着舒适自在；时髦休闲款式，下装配入短裤或束脚哈伦裤，加入低帮鞋，轻松打造阳光帅气潮男形象,面料:棉100%里布:聚酯纤维100%,适中,合体,http://img1.ochirly.com.cn/wcsstore/TrendyCatalogAssetStore/images/trendy/trendiano/2018/c/3GC3026400181/3GC3026400181_m_1.jpg
T恤/POLO衫,短袖T恤,纯棉刺绣字母虎头T恤,3GC3026420000,￥499,,/p/3GC3026420000.shtml,拥有凹凸立体感的英文Slogan，以Colourful撞色配合刺绣工艺呈现，瞬间虏获视线；运用精巧细致的刺绣工艺，勾画威风凌凌虎头图案，于胸前成为点睛亮点，个性出挑；圆领短袖轮廓，线条处理利落称身，呼应休闲基调；甄选亲肤质感纯棉面料，柔软透气吸汗，穿着舒适自在；时髦休闲款式，下装配入短裤或束脚哈伦裤，加入低帮鞋，轻松打造阳光帅气潮男形象,面料:棉100%(绣花线除外)前幅网里:聚酯纤维100%,适中,合体,http://img1.ochirly.com.cn/wcsstore/TrendyCatalogAssetStore/images/trendy/trendiano/2018/c/3GC3026420000/3GC3026420000_m_1.jpg
T恤/POLO衫,短袖T恤,纯棉刺绣字母虎头T恤,3GC3026420090,￥499,,/p/3GC3026420090.shtml,拥有凹凸立体感的英文Slogan，以Colourful撞色配合刺绣工艺呈现，瞬间虏获视线；运用精巧细致的刺绣工艺，勾画威风凌凌虎头图案，于胸前成为点睛亮点，个性出挑；圆领短袖轮廓，线条处理利落称身，呼应休闲基调；甄选亲肤质感纯棉面料，柔软透气吸汗，穿着舒适自在；时髦休闲款式，下装配入短裤或束脚哈伦裤，加入低帮鞋，轻松打造阳光帅气潮男形象,面料:棉100%(绣花线除外)前幅网里:聚酯纤维100%,适中,合体,http://img1.ochirly.com.cn/wcsstore/TrendyCatalogAssetStore/images/trendy/trendiano/2018/c/3GC3026420090/3GC3026420090_m_1.jpg
T恤/POLO衫,短袖T恤,纯棉刺绣字母虎头T恤,3GC3026420600,￥499,,/p/3GC3026420600.shtml,拥有凹凸立体感的英文Slogan，以Colourful撞色配合刺绣工艺呈现，瞬间虏获视线；运用精巧细致的刺绣工艺，勾画威风凌凌虎头图案，于胸前成为点睛亮点，个性出挑；圆领短袖轮廓，线条处理利落称身，呼应休闲基调；甄选亲肤质感纯棉面料，柔软透气吸汗，穿着舒适自在；时髦休闲款式，下装配入短裤或束脚哈伦裤，加入低帮鞋，轻松打造阳光帅气潮男形象,面料:棉100%(绣花线除外)前幅网里:聚酯纤维100%,适中,合体,http://img1.ochirly.com.cn/wcsstore/TrendyCatalogAssetStore/images/trendy/trendiano/2018/c/3GC3026420600/3GC3026420600_m_1.jpg
T恤/POLO衫,短袖T恤,短袖圆领t恤宽松撞色,3GI3025610510,￥699,,/p/3GI3025610510.shtml,大片亮色渐变晕染色块，带来醒目新鲜视觉效果，洋溢摩登波普风艺术气息；玩味廓形艺术，落肩oversize轮廓设计，带来轻松时髦气息，潮流感升级；甄选优质面料打造，柔软顺滑，贴身穿着舒适自在；本身足够抢眼，与简约风下装简单搭配即可时尚出挑，潮人不容错过；与束脚九分裤、运动鞋、斜挎小包混搭，刻画潮帅前卫印象,面料:聚酯纤维90.6% 氨纶9.4%罗纹:聚酯纤维95.1% 氨纶4.9%,适中,宽松,http://img1.ochirly.com.cn/wcsstore/TrendyCatalogAssetStore/images/trendy/trendiano/2018/c/3GI3025610510/3GI3025610510_m_1.jpg
T恤/POLO衫,短袖T恤,短袖圆领t恤宽松撞色,3GI3025610600,￥699,,/p/3GI3025610600.shtml,大片亮色渐变晕染色块，带来醒目新鲜视觉效果，洋溢摩登波普风艺术气息；玩味廓形艺术，落肩oversize轮廓设计，带来轻松时髦气息，潮流感升级；甄选优质面料打造，柔软顺滑，贴身穿着舒适自在；本身足够抢眼，与简约风下装简单搭配即可时尚出挑，潮人不容错过；与束脚九分裤、运动鞋、斜挎小包混搭，刻画潮帅前卫印象,面料:聚酯纤维90.6% 氨纶9.4%罗纹:聚酯纤维95.1% 氨纶4.9%,适中,宽松,http://img1.ochirly.com.cn/wcsstore/TrendyCatalogAssetStore/images/trendy/trendiano/2018/c/3GI3025610600/3GI3025610600_m_1.jpg
T恤/POLO衫,短袖T恤,拼接中长宽松短袖T恤,3GI3025630000,￥599,,/p/3GI3025630000.shtml,双层拼接手法，将个性印花图案半隐于网布之下，丰富图案层次，更添摩登新魅；玩味廓形艺术，落肩oversize轮廓设计，带来轻松时髦气息，潮流感升级；中长衣长设计，提升休闲率性味道，更具时尚型格；与深色百慕大短裤、中筒袜、运动鞋混搭，活力造型尽显青春帅气,面料1:聚酯纤维100%面料2:聚酯纤维93.5% 氨纶6.5%罗纹:聚酯纤维89.8% 棉5.9% 氨纶4.3%,中长,宽松,http://img1.ochirly.com.cn/wcsstore/TrendyCatalogAssetStore/images/trendy/trendiano/2018/c/3GI3025630000/3GI3025630000_m_1.jpg
T恤/POLO衫,短袖T恤,拼接中长宽松短袖T恤,3GI3025630090,￥599,,/p/3GI3025630090.shtml,双层拼接手法，将个性印花图案半隐于网布之下，丰富图案层次，更添摩登新魅；玩味廓形艺术，落肩oversize轮廓设计，带来轻松时髦气息，潮流感升级；中长衣长设计，提升休闲率性味道，更具时尚型格；与深色百慕大短裤、中筒袜、运动鞋混搭，活力造型尽显青春帅气,面料1:聚酯纤维100%面料2:聚酯纤维93.5% 氨纶6.5%罗纹:聚酯纤维89.8% 棉5.9% 氨纶4.3%,中长,宽松,http://img1.ochirly.com.cn/wcsstore/TrendyCatalogAssetStore/images/trendy/trendiano/2018/c/3GI3025630090/3GI3025630090_m_1.jpg
T恤/POLO衫,短袖T恤,人像字母宽松短袖t恤,3GI3025640090,￥699,,/p/3GI3025640090.shtml,糅合刺绣和印花手法呈现字母及人像，丰富的图案层次感赋予休闲衣衫更多潮流解读，摩登显个性；玩味廓形艺术，落肩oversize轮廓设计，带来轻松时髦气息，范儿升级；面料柔软细腻，贴身穿着舒适无负担；配以直筒运动裤、运动鞋，刻画活力阳光潮人印象；单穿或内搭皆适宜，值得入手,面料:粘纤63.0% 锦纶32.3% 氨纶4.7%(绣花线除外)网里:聚酯纤维100%罗纹:锦纶100%,适中,宽松,http://img1.ochirly.com.cn/wcsstore/TrendyCatalogAssetStore/images/trendy/trendiano/2018/c/3GI3025640090/3GI3025640090_m_1.jpg
T恤/POLO衫,短袖T恤,人像字母宽松短袖t恤,3GI3025640600,￥699,,/p/3GI3025640600.shtml,糅合刺绣和印花手法呈现字母及人像，丰富的图案层次感赋予休闲衣衫更多潮流解读，摩登显个性；玩味廓形艺术，落肩oversize轮廓设计，带来轻松时髦气息，范儿升级；面料柔软细腻，贴身穿着舒适无负担；配以直筒运动裤、运动鞋，刻画活力阳光潮人印象；单穿或内搭皆适宜，值得入手,面料:粘纤63.0% 锦纶32.3% 氨纶4.7%(绣花线除外)网里:聚酯纤维100%罗纹:锦纶100%,适中,宽松,http://img1.ochirly.com.cn/wcsstore/TrendyCatalogAssetStore/images/trendy/trendiano/2018/c/3GI3025640600/3GI3025640600_m_1.jpg
T恤/POLO衫,短袖T恤,纯棉纯色中长宽松T恤,3GC3023940000,￥499,,/p/3GC3023940000.shtml,静默淡然的纯色衣身，传递出宁静质朴的现代生活审美，勾勒雅致素净质感；前幅大口袋装饰，以同色构筑更能突出设计感，个性低调；中长款长度剪裁，配合流畅线条宽松版型，构筑悠闲舒适廓形；甄选亲肤质感纯棉面料，柔软透气吸汗，穿着舒适自在；时髦休闲款式，下装配入各式运动休闲风长裤，加入低帮鞋，打造闲适Daily风,面料:棉100%撞料:锦纶100%,中长,宽松,http://img1.ochirly.com.cn/wcsstore/TrendyCatalogAssetStore/images/trendy/trendiano/2018/c/3GC3023940000/3GC3023940000_m_1.jpg
T恤/POLO衫,短袖T恤,纯棉纯色中长宽松T恤,3GC3023940090,￥499,,/p/3GC3023940090.shtml,静默淡然的纯色衣身，传递出宁静质朴的现代生活审美，勾勒雅致素净质感；前幅大口袋装饰，以同色构筑更能突出设计感，个性低调；中长款长度剪裁，配合流畅线条宽松版型，构筑悠闲舒适廓形；甄选亲肤质感纯棉面料，柔软透气吸汗，穿着舒适自在；时髦休闲款式，下装配入各式运动休闲风长裤，加入低帮鞋，打造闲适Daily风,面料:棉100%撞料:锦纶100%,中长,宽松,http://img1.ochirly.com.cn/wcsstore/TrendyCatalogAssetStore/images/trendy/trendiano/2018/c/3GC3023940090/3GC3023940090_m_1.jpg
T恤/POLO衫,短袖T恤,短袖t恤钉珠字母纯棉,3GC2026480000,￥599,,/p/3GC2026480000.shtml,利用钉珠手法串成字母图案，以立体装饰效果传递出个性时尚魅力，吸睛度升级；基础圆领恤衫，廓形剪裁利落干净，定格实穿特性；甄选纯棉面料，贴身穿着舒适亲肤透气；字母t恤，与各式裤装皆可轻松混搭；与运动风短裤、低帮鞋相配，活力帅气,面料:棉100%,适中,合体,http://img1.ochirly.com.cn/wcsstore/TrendyCatalogAssetStore/images/trendy/trendiano/2018/b/3GC2026480000/3GC2026480000_m_1.jpg
T恤/POLO衫,短袖T恤,短袖t恤钉珠字母纯棉,3GC2026480090,￥599,,/p/3GC2026480090.shtml,利用钉珠手法串成字母图案，以立体装饰效果传递出个性时尚魅力，吸睛度升级；基础圆领恤衫，廓形剪裁利落干净，定格实穿特性；甄选纯棉面料，贴身穿着舒适亲肤透气；字母t恤，与各式裤装皆可轻松混搭；与运动风短裤、低帮鞋相配，活力帅气,面料:棉100%,适中,合体,http://img1.ochirly.com.cn/wcsstore/TrendyCatalogAssetStore/images/trendy/trendiano/2018/b/3GC2026480090/3GC2026480090_m_1.jpg
T恤/POLO衫,短袖T恤,狗狗刺绣棉质短袖t恤,3GC2026500000,￥599,,/p/3GC2026500000.shtml,前幅狗狗图案，利用线绣及钉珠工艺呈现，以立体肌理感轻松传递出萌趣活力之感，分外吸睛；整体廓形设计简洁大气，线条剪裁毫无累赘，定格百搭实穿特性；主面料为纯棉，拥有柔软手感及良好透气吸湿性，贴身穿着亦舒适亲肤；出挑图案单品，与任意下装混搭皆可，值得入手；与运动风九分裤、运动鞋搭配，活力帅气，青春洋溢；亦可与百慕大短裤、低帮鞋、斜挎小包相配，一身造型见到斯文，又不失去时髦活力之范,面料:棉100%绣线1:粘纤100%绣线2:聚酯纤维100%(装饰亮片及连接线除外),适中,合体,http://img1.ochirly.com.cn/wcsstore/TrendyCatalogAssetStore/images/trendy/trendiano/2018/b/3GC2026500000/3GC2026500000_m_1.jpg
T恤/POLO衫,短袖T恤,狗狗刺绣棉质短袖t恤,3GC2026500090,￥599,,/p/3GC2026500090.shtml,前幅狗狗图案，利用线绣及钉珠工艺呈现，以立体肌理感轻松传递出萌趣活力之感，分外吸睛；整体廓形设计简洁大气，线条剪裁毫无累赘，定格百搭实穿特性；主面料为纯棉，拥有柔软手感及良好透气吸湿性，贴身穿着亦舒适亲肤；出挑图案单品，与任意下装混搭皆可，值得入手；与运动风九分裤、运动鞋搭配，活力帅气，青春洋溢；亦可与百慕大短裤、低帮鞋、斜挎小包相配，一身造型见到斯文，又不失去时髦活力之范,面料:棉100%绣线1:粘纤100%绣线2:聚酯纤维100%(装饰亮片及连接线除外),适中,合体,http://img1.ochirly.com.cn/wcsstore/TrendyCatalogAssetStore/images/trendy/trendiano/2018/b/3GC2026500090/3GC2026500090_m_1.jpg
T恤/POLO衫,短袖T恤,狗狗刺绣棉质短袖t恤,3GC2026500730,￥599,,/p/3GC2026500730.shtml,前幅狗狗图案，利用线绣及钉珠工艺呈现，以立体肌理感轻松传递出萌趣活力之感，分外吸睛；整体廓形设计简洁大气，线条剪裁毫无累赘，定格百搭实穿特性；主面料为纯棉，拥有柔软手感及良好透气吸湿性，贴身穿着亦舒适亲肤；出挑图案单品，与任意下装混搭皆可，值得入手；与运动风九分裤、运动鞋搭配，活力帅气，青春洋溢；亦可与百慕大短裤、低帮鞋、斜挎小包相配，一身造型见到斯文，又不失去时髦活力之范,面料:棉100%绣线1:粘纤100%绣线2:聚酯纤维100%(装饰亮片及连接线除外),适中,合体,http://img1.ochirly.com.cn/wcsstore/TrendyCatalogAssetStore/images/trendy/trendiano/2018/b/3GC2026500730/3GC2026500730_m_1.jpg
T恤/POLO衫,短袖T恤,字母印花龙短袖T恤男,3GC2026510000,￥499,,/p/3GC2026510000.shtml,运用钉珠及印花方式呈现字母和龙图案，形成丰富层次感，成为本款焦点所在，个性出挑；基础圆领恤衫，廓形剪裁利落干净，定格实穿特性；甄选纯棉面料，贴身穿着舒适亲肤透气；时尚又百搭，与任意下装搭配皆适宜，值得入手；碰撞短裤、低帮鞋，简单造型却透着青春活力之感,面料:棉100%里布:聚酯纤维100%,适中,合体,http://img1.ochirly.com.cn/wcsstore/TrendyCatalogAssetStore/images/trendy/trendiano/2018/b/3GC2026510000/3GC2026510000_m_1.jpg
T恤/POLO衫,短袖T恤,字母印花龙短袖T恤男,3GC2026510090,￥499,,/p/3GC2026510090.shtml,运用钉珠及印花方式呈现字母和龙图案，形成丰富层次感，成为本款焦点所在，个性出挑；基础圆领恤衫，廓形剪裁利落干净，定格实穿特性；甄选纯棉面料，贴身穿着舒适亲肤透气；时尚又百搭，与任意下装搭配皆适宜，值得入手；碰撞短裤、低帮鞋，简单造型却透着青春活力之感,面料:棉100%里布:聚酯纤维100%,适中,合体,http://img1.ochirly.com.cn/wcsstore/TrendyCatalogAssetStore/images/trendy/trendiano/2018/b/3GC2026510090/3GC2026510090_m_1.jpg
T恤/POLO衫,短袖T恤,字母印花龙短袖T恤男,3GC2026510730,￥499,,/p/3GC2026510730.shtml,运用钉珠及印花方式呈现字母和龙图案，形成丰富层次感，成为本款焦点所在，个性出挑；基础圆领恤衫，廓形剪裁利落干净，定格实穿特性；甄选纯棉面料，贴身穿着舒适亲肤透气；时尚又百搭，与任意下装搭配皆适宜，值得入手；碰撞短裤、低帮鞋，简单造型却透着青春活力之感,面料:棉100%里布:聚酯纤维100%,适中,合体,http://img1.ochirly.com.cn/wcsstore/TrendyCatalogAssetStore/images/trendy/trendiano/2018/b/3GC2026510730/3GC2026510730_m_1.jpg
T恤/POLO衫,短袖T恤,纯棉宽松圆领短袖T恤,3GC2025940000,￥499,,/p/3GC2025940000.shtml,创意不规则衣摆设计，以一条印有“TRE”的字母织带从侧面连接前后幅，瞬间注入街头不羁活力气息，个性有范；以精致罗纹构筑圆领，配合宽松版型Cutting，尽显潇洒随性；甄选亲肤质感纯棉面料，柔韧细致，透气吸汗穿着舒适；时髦休闲上装，可配入亮色调下装点亮层次，或与束脚哈伦裤或短裤搭配，加入运动鞋，打造帅气型格造型,面料:棉100%撞料:棉100%,适中,宽松,http://img1.ochirly.com.cn/wcsstore/TrendyCatalogAssetStore/images/trendy/trendiano/2018/b/3GC2025940000/3GC2025940000_m_1.jpg
T恤/POLO衫,短袖T恤,纯棉宽松圆领短袖T恤,3GC2025940090,￥499,,/p/3GC2025940090.shtml,创意不规则衣摆设计，以一条印有“TRE”的字母织带从侧面连接前后幅，瞬间注入街头不羁活力气息，个性有范；以精致罗纹构筑圆领，配合宽松版型Cutting，尽显潇洒随性；甄选亲肤质感纯棉面料，柔韧细致，透气吸汗穿着舒适；时髦休闲上装，可配入亮色调下装点亮层次，或与束脚哈伦裤或短裤搭配，加入运动鞋，打造帅气型格造型,面料:棉100%撞料:棉100%,适中,宽松,http://img1.ochirly.com.cn/wcsstore/TrendyCatalogAssetStore/images/trendy/trendiano/2018/b/3GC2025940090/3GC2025940090_m_1.jpg
T恤/POLO衫,短袖T恤,纯棉宽松印花短袖T恤,3GC2026300000,￥499,,/p/3GC2026300000.shtml,Logo装饰一贯是时尚设计者钟爱元素，秉承其耐看长青的性质，深受大众追捧；仅以一英文词组Logo轻轻点缀胸前，看似毫无波澜却经典时尚；有别于前幅低调典雅，后幅大面积街景Mix人像抽象印花，霓虹灯图像的加入大幅度强化了街头风味儿；运用黑白色调渲染，使原本纷繁多彩印花被抑制，恍若把兴奋与喧嚣热闹强制压抑下来，让人心思百转耐人寻味；以精致罗纹构筑圆领，配合宽松版型Cutting，尽显潇洒随性；甄选亲肤质感纯棉面料，柔韧细致，透气吸汗穿着舒适；充满亮点休闲单品，下装搭配纯色休闲裤，加入低帮鞋，打造别样吸睛范儿,面料:棉100%,适中,宽松,http://img1.ochirly.com.cn/wcsstore/TrendyCatalogAssetStore/images/trendy/trendiano/2018/b/3GC2026300000/3GC2026300000_m_1.jpg
T恤/POLO衫,短袖T恤,纯棉宽松印花短袖T恤,3GC2026300090,￥499,,/p/3GC2026300090.shtml,Logo装饰一贯是时尚设计者钟爱元素，秉承其耐看长青的性质，深受大众追捧；仅以一英文词组Logo轻轻点缀胸前，看似毫无波澜却经典时尚；有别于前幅低调典雅，后幅大面积街景Mix人像抽象印花，霓虹灯图像的加入大幅度强化了街头风味儿；运用黑白色调渲染，使原本纷繁多彩印花被抑制，恍若把兴奋与喧嚣热闹强制压抑下来，让人心思百转耐人寻味；以精致罗纹构筑圆领，配合宽松版型Cutting，尽显潇洒随性；甄选亲肤质感纯棉面料，柔韧细致，透气吸汗穿着舒适；充满亮点休闲单品，下装搭配纯色休闲裤，加入低帮鞋，打造别样吸睛范儿,面料:棉100%,适中,宽松,http://img1.ochirly.com.cn/wcsstore/TrendyCatalogAssetStore/images/trendy/trendiano/2018/b/3GC2026300090/3GC2026300090_m_1.jpg
T恤/POLO衫,短袖T恤,纯棉宽松印花短袖T恤,3GC2026300410,￥499,,/p/3GC2026300410.shtml,Logo装饰一贯是时尚设计者钟爱元素，秉承其耐看长青的性质，深受大众追捧；仅以一英文词组Logo轻轻点缀胸前，看似毫无波澜却经典时尚；有别于前幅低调典雅，后幅大面积街景Mix人像抽象印花，霓虹灯图像的加入大幅度强化了街头风味儿；运用黑白色调渲染，使原本纷繁多彩印花被抑制，恍若把兴奋与喧嚣热闹强制压抑下来，让人心思百转耐人寻味；以精致罗纹构筑圆领，配合宽松版型Cutting，尽显潇洒随性；甄选亲肤质感纯棉面料，柔韧细致，透气吸汗穿着舒适；充满亮点休闲单品，下装搭配纯色休闲裤，加入低帮鞋，打造别样吸睛范儿,面料:棉100%,适中,宽松,http://img1.ochirly.com.cn/wcsstore/TrendyCatalogAssetStore/images/trendy/trendiano/2018/b/3GC2026300410/3GC2026300410_m_1.jpg
T恤/POLO衫,短袖T恤,纯棉宽松印花短袖T恤,3GC2026300510,￥499,,/p/3GC2026300510.shtml,Logo装饰一贯是时尚设计者钟爱元素，秉承其耐看长青的性质，深受大众追捧；仅以一英文词组Logo轻轻点缀胸前，看似毫无波澜却经典时尚；有别于前幅低调典雅，后幅大面积街景Mix人像抽象印花，霓虹灯图像的加入大幅度强化了街头风味儿；运用黑白色调渲染，使原本纷繁多彩印花被抑制，恍若把兴奋与喧嚣热闹强制压抑下来，让人心思百转耐人寻味；以精致罗纹构筑圆领，配合宽松版型Cutting，尽显潇洒随性；甄选亲肤质感纯棉面料，柔韧细致，透气吸汗穿着舒适；充满亮点休闲单品，下装搭配纯色休闲裤，加入低帮鞋，打造别样吸睛范儿,面料:棉100%,适中,宽松,http://img1.ochirly.com.cn/wcsstore/TrendyCatalogAssetStore/images/trendy/trendiano/2018/b/3GC2026300510/3GC2026300510_m_1.jpg
T恤/POLO衫,短袖T恤,纯棉宽松字母短袖T恤,3GC2026360000,￥399,,/p/3GC2026360000.shtml,大小不一的字体Mix鲜明撞色组成创意Slogan，前后错位制造出玩味个性视觉差，展现年轻人拒绝墨守成规的时尚态度；以精致罗纹构筑圆领，配合宽松版型Cutting，尽显潇洒随性；甄选亲肤质感纯棉面料，柔韧细致，透气吸汗穿着舒适；时髦休闲单品，下装与束脚哈伦裤或纯色长款混搭，加入低帮鞋，演绎帅气不羁造型,面料:棉100%,适中,宽松,http://img1.ochirly.com.cn/wcsstore/TrendyCatalogAssetStore/images/trendy/trendiano/2018/b/3GC2026360000/3GC2026360000_m_1.jpg
T恤/POLO衫,短袖T恤,纯棉宽松字母短袖T恤,3GC2026360090,￥399,,/p/3GC2026360090.shtml,大小不一的字体Mix鲜明撞色组成创意Slogan，前后错位制造出玩味个性视觉差，展现年轻人拒绝墨守成规的时尚态度；以精致罗纹构筑圆领，配合宽松版型Cutting，尽显潇洒随性；甄选亲肤质感纯棉面料，柔韧细致，透气吸汗穿着舒适；时髦休闲单品，下装与束脚哈伦裤或纯色长款混搭，加入低帮鞋，演绎帅气不羁造型,面料:棉100%,适中,宽松,http://img1.ochirly.com.cn/wcsstore/TrendyCatalogAssetStore/images/trendy/trendiano/2018/b/3GC2026360090/3GC2026360090_m_1.jpg
T恤/POLO衫,短袖T恤,棉质宽松条纹短袖T恤,3GC2026310510,￥499,,/p/3GC2026310510.shtml,粗细不一的撞色条纹，组合英文字母Logo形成速度感运动织带装饰，包裹双肩与双袖外轮廓，瞬间点燃活力青春气息；以精致罗纹构筑圆领，配合宽松版型Cutting，尽显潇洒随性；主面料甄选亲肤质感纯棉面料，柔韧细致，透气吸汗穿着舒适；运动风时髦单品，下装与Colourful休闲短裤或束脚哈伦裤搭配，加入低帮鞋，演绎帅气阳光潮男造型,面料:棉100%领罗纹:聚酯纤维81.3% 锦纶17.5% 氨纶1.2%袖子罗纹:聚酯纤维100%,适中,宽松,http://img1.ochirly.com.cn/wcsstore/TrendyCatalogAssetStore/images/trendy/trendiano/2018/b/3GC2026310510/3GC2026310510_m_1.jpg
T恤/POLO衫,短袖T恤,字母棉质圆领短袖T恤,3GC2026410090,￥399,,/p/3GC2026410090.shtml,Slogan标语Tee依然大热，图案以精致刺绣手法呈现，更显摩登个性；整体廓形设计简洁大气，线条利落干净，轻松传递着实用主义思想；精选含棉面料打造，手感柔软，穿着舒适亲肤；与短裤、长裤、牛仔裤、九分裤等皆可轻松混搭，轻松应对多种日常场合，值得入手；搭配百慕大短裤、运动鞋，洋溢着青春的动感气息，帅气减龄效果提升,面料:棉81.8% 聚酯纤维18.2%里布:聚酯纤维100%,适中,合体,http://img1.ochirly.com.cn/wcsstore/TrendyCatalogAssetStore/images/trendy/trendiano/2018/b/3GC2026410090/3GC2026410090_m_1.jpg
T恤/POLO衫,短袖T恤,字母棉质圆领短袖T恤,3GC2026410411,￥399,,/p/3GC2026410411.shtml,Slogan标语Tee依然大热，图案以精致刺绣手法呈现，更显摩登个性；整体廓形设计简洁大气，线条利落干净，轻松传递着实用主义思想；精选含棉面料打造，手感柔软，穿着舒适亲肤；与短裤、长裤、牛仔裤、九分裤等皆可轻松混搭，轻松应对多种日常场合，值得入手；搭配百慕大短裤、运动鞋，洋溢着青春的动感气息，帅气减龄效果提升,面料:棉81.8% 聚酯纤维18.2%里布:聚酯纤维100%,适中,合体,http://img1.ochirly.com.cn/wcsstore/TrendyCatalogAssetStore/images/trendy/trendiano/2018/b/3GC2026410411/3GC2026410411_m_1.jpg
T恤/POLO衫,短袖T恤,字母棉质圆领短袖T恤,3GC2026410888,￥399,,/p/3GC2026410888.shtml,Slogan标语Tee依然大热，图案以精致刺绣手法呈现，更显摩登个性；整体廓形设计简洁大气，线条利落干净，轻松传递着实用主义思想；精选含棉面料打造，手感柔软，穿着舒适亲肤；与短裤、长裤、牛仔裤、九分裤等皆可轻松混搭，轻松应对多种日常场合，值得入手；搭配百慕大短裤、运动鞋，洋溢着青春的动感气息，帅气减龄效果提升,面料:棉81.8% 聚酯纤维18.2%里布:聚酯纤维100%,适中,合体,http://img1.ochirly.com.cn/wcsstore/TrendyCatalogAssetStore/images/trendy/trendiano/2018/b/3GC2026410888/3GC2026410888_m_1.jpg
T恤/POLO衫,短袖T恤,纯棉宽松刺绣印花T恤,3GC2026420000,￥399,,/p/3GC2026420000.shtml,呆萌可爱的两个小狗头像，对称饰于胸前，焕发年轻玩味活力气息；运用精巧细致刺绣工艺，勾画别致英文Slogan，丰富的线条感配以鲜明撞色分外引人注目；以精致罗纹构筑圆领，配合宽松版型Cutting，尽显潇洒随性；甄选亲肤质感纯棉面料，柔韧细致，透气吸汗穿着舒适；时髦休闲上装，混搭与印花相同颜色的短款或纯色单品，加入低帮鞋，演绎帅气阳光造型,面料:棉100%,适中,宽松,http://img1.ochirly.com.cn/wcsstore/TrendyCatalogAssetStore/images/trendy/trendiano/2018/b/3GC2026420000/3GC2026420000_m_1.jpg
T恤/POLO衫,短袖T恤,纯棉宽松刺绣印花T恤,3GC2026420130,￥399,,/p/3GC2026420130.shtml,呆萌可爱的两个小狗头像，对称饰于胸前，焕发年轻玩味活力气息；运用精巧细致刺绣工艺，勾画别致英文Slogan，丰富的线条感配以鲜明撞色分外引人注目；以精致罗纹构筑圆领，配合宽松版型Cutting，尽显潇洒随性；甄选亲肤质感纯棉面料，柔韧细致，透气吸汗穿着舒适；时髦休闲上装，混搭与印花相同颜色的短款或纯色单品，加入低帮鞋，演绎帅气阳光造型,面料:棉100%,适中,宽松,http://img1.ochirly.com.cn/wcsstore/TrendyCatalogAssetStore/images/trendy/trendiano/2018/b/3GC2026420130/3GC2026420130_m_1.jpg
T恤/POLO衫,短袖T恤,短袖t恤线绣棉质圆领,3GC2026490000,￥399,,/p/3GC2026490000.shtml,三个几何方形绣章装饰前幅，并在上面绣上花朵等图案，使得简约廓形变得格外清新亮眼起来，透着别样时髦青春气息；宽松版型剪裁，提升休闲轻松之感，潮流感加分；主面料为纯棉，手感柔软细腻，贴身穿着舒适亲肤透气；个性又百搭，适合与各式短裤、七分裤、五分裤、九分裤等混搭，演绎出年轻阳刚都市潮人印象；加入斜挎小包，为本季流行搭配手法，更显chic范儿,面料:棉100%章仔:【绣线1】腈纶100% 【绣线2】聚酯纤维100%,适中,宽松,http://img1.ochirly.com.cn/wcsstore/TrendyCatalogAssetStore/images/trendy/trendiano/2018/b/3GC2026490000/3GC2026490000_m_1.jpg
T恤/POLO衫,短袖T恤,短袖t恤线绣棉质宽松,3GC2026490090,￥399,,/p/3GC2026490090.shtml,三个几何方形绣章装饰前幅，并在上面绣上花朵等图案，使得简约廓形变得格外清新亮眼起来，透着别样时髦青春气息；宽松版型剪裁，提升休闲轻松之感，潮流感加分；主面料为纯棉，手感柔软细腻，贴身穿着舒适亲肤透气；个性又百搭，适合与各式短裤、七分裤、五分裤、九分裤等混搭，演绎出年轻阳刚都市潮人印象；加入斜挎小包，为本季流行搭配手法，更显chic范儿,面料:棉100%章仔:【绣线1】腈纶100% 【绣线2】聚酯纤维100%,适中,宽松,http://img1.ochirly.com.cn/wcsstore/TrendyCatalogAssetStore/images/trendy/trendiano/2018/b/3GC2026490090/3GC2026490090_m_1.jpg
T恤/POLO衫,短袖T恤,短袖t恤线绣棉质圆领,3GC2026490571,￥399,,/p/3GC2026490571.shtml,三个几何方形绣章装饰前幅，并在上面绣上花朵等图案，使得简约廓形变得格外清新亮眼起来，透着别样时髦青春气息；宽松版型剪裁，提升休闲轻松之感，潮流感加分；主面料为纯棉，手感柔软细腻，贴身穿着舒适亲肤透气；个性又百搭，适合与各式短裤、七分裤、五分裤、九分裤等混搭，演绎出年轻阳刚都市潮人印象；加入斜挎小包，为本季流行搭配手法，更显chic范儿,面料:棉100%章仔:【绣线1】腈纶100% 【绣线2】聚酯纤维100%,适中,宽松,http://img1.ochirly.com.cn/wcsstore/TrendyCatalogAssetStore/images/trendy/trendiano/2018/b/3GC2026490571/3GC2026490571_m_1.jpg
T恤/POLO衫,短袖T恤,短袖T恤宽松纯棉条纹,3GC2025700090,￥399,,/p/3GC2025700090.shtml,从肩部延伸至袖口的撞色条纹织带，是本款亮点所在，呈现出前卫运动质感，摩登特别；前幅小巧字母刺绣，亦是本款点睛之笔，巧妙增添更多个性细节看点；宽松版型，迎合休闲基调，提升轻松率性之感；精选柔软纯棉面料打造，穿着舒适亲肤；与百慕大短裤尤为合拍，释放青春活力气息,面料:棉100%(绣花线除外),适中,宽松,http://img1.ochirly.com.cn/wcsstore/TrendyCatalogAssetStore/images/trendy/trendiano/2018/b/3GC2025700090/3GC2025700090_m_1.jpg
T恤/POLO衫,短袖T恤,短袖T恤宽松纯棉条纹,3GC2025700601,￥399,,/p/3GC2025700601.shtml,从肩部延伸至袖口的撞色条纹织带，是本款亮点所在，呈现出前卫运动质感，摩登特别；前幅小巧字母刺绣，亦是本款点睛之笔，巧妙增添更多个性细节看点；宽松版型，迎合休闲基调，提升轻松率性之感；精选柔软纯棉面料打造，穿着舒适亲肤；与百慕大短裤尤为合拍，释放青春活力气息,面料:棉100%(绣花线除外),适中,宽松,http://img1.ochirly.com.cn/wcsstore/TrendyCatalogAssetStore/images/trendy/trendiano/2018/b/3GC2025700601/3GC2025700601_m_1.jpg
T恤/POLO衫,短袖T恤,字母漫画宽松短袖T恤,3GC2025710000,￥399,,/p/3GC2025710000.shtml,黑白漫画风人像印花，搭配亮色“SEE YOU”字母，组成别具趣味的画面，个性吸睛；宽松版型设计，带来轻松时髦之感，潮范儿升级；甄选纯棉面料，贴身穿着舒适亲肤；与百慕大短裤、低帮鞋构筑清爽休闲夏日造型；加入斜挎胸包，时髦瞬间UP，值得推荐,面料:棉100%,适中,宽松,http://img1.ochirly.com.cn/wcsstore/TrendyCatalogAssetStore/images/trendy/trendiano/2018/b/3GC2025710000/3GC2025710000_m_1.jpg
T恤/POLO衫,短袖T恤,字母漫画宽松短袖T恤,3GC2025710090,￥399,,/p/3GC2025710090.shtml,黑白漫画风人像印花，搭配亮色“SEE YOU”字母，组成别具趣味的画面，个性吸睛；宽松版型设计，带来轻松时髦之感，潮范儿升级；甄选纯棉面料，贴身穿着舒适亲肤；与百慕大短裤、低帮鞋构筑清爽休闲夏日造型；加入斜挎胸包，时髦瞬间UP，值得推荐,面料:棉100%,适中,宽松,http://img1.ochirly.com.cn/wcsstore/TrendyCatalogAssetStore/images/trendy/trendiano/2018/b/3GC2025710090/3GC2025710090_m_1.jpg
T恤/POLO衫,短袖T恤,字母漫画宽松短袖T恤,3GC2025710420,￥399,,/p/3GC2025710420.shtml,黑白漫画风人像印花，搭配亮色“SEE YOU”字母，组成别具趣味的画面，个性吸睛；宽松版型设计，带来轻松时髦之感，潮范儿升级；甄选纯棉面料，贴身穿着舒适亲肤；与百慕大短裤、低帮鞋构筑清爽休闲夏日造型；加入斜挎胸包，时髦瞬间UP，值得推荐,面料:棉100%,适中,宽松,http://img1.ochirly.com.cn/wcsstore/TrendyCatalogAssetStore/images/trendy/trendiano/2018/b/3GC2025710420/3GC2025710420_m_1.jpg
T恤/POLO衫,短袖T恤,宽松纯棉印花短袖t恤,3GC2025740000,￥499,,/p/3GC2025740000.shtml,波普风字母及漫画头像大面积饰满衣衫，轻松抢占视线，释放活力，激发摩登前卫个性；宽松版型设计，带来轻松时髦之感，潮范儿升级；甄选纯棉面料，贴身穿着舒适亲肤；本就充满时尚亮点，与纯色下装相当合拍；与百慕大短裤、低帮鞋混搭，打造年轻帅气潮人印象,面料:棉100%,适中,宽松,http://img1.ochirly.com.cn/wcsstore/TrendyCatalogAssetStore/images/trendy/trendiano/2018/b/3GC2025740000/3GC2025740000_m_1.jpg
T恤/POLO衫,短袖T恤,短袖t恤印花拼接棉质,3GC2026380000,￥399,,/p/3GC2026380000.shtml,漫画风格人像印花拼接，成为本款亮点所在，轻松引入前卫街头风气息，有趣又抢眼；宽松版型设计，带来轻松时髦之感，潮范儿升级；主面料为纯棉，手感柔软，贴身穿着舒适亲肤；与短裤、九分裤、七分裤等相当速配，释放青春活力气息；亦可与连帽无袖tee玩一把叠穿，平添几分运动风味道，减龄效果加分,面料:棉100%撞料:聚酯纤维89% 氨纶11%,适中,宽松,http://img1.ochirly.com.cn/wcsstore/TrendyCatalogAssetStore/images/trendy/trendiano/2018/b/3GC2026380000/3GC2026380000_m_1.jpg
T恤/POLO衫,短袖T恤,短袖t恤印花拼接棉质,3GC2026380090,￥399,,/p/3GC2026380090.shtml,漫画风格人像印花拼接，成为本款亮点所在，轻松引入前卫街头风气息，有趣又抢眼；宽松版型设计，带来轻松时髦之感，潮范儿升级；主面料为纯棉，手感柔软，贴身穿着舒适亲肤；与短裤、九分裤、七分裤等相当速配，释放青春活力气息；亦可与连帽无袖tee玩一把叠穿，平添几分运动风味道，减龄效果加分,面料:棉100%撞料:聚酯纤维89% 氨纶11%,适中,宽松,http://img1.ochirly.com.cn/wcsstore/TrendyCatalogAssetStore/images/trendy/trendiano/2018/b/3GC2026380090/3GC2026380090_m_1.jpg
T恤/POLO衫,短袖T恤,短袖t恤印花拼接棉质,3GC2026380510,￥399,,/p/3GC2026380510.shtml,漫画风格人像印花拼接，成为本款亮点所在，轻松引入前卫街头风气息，有趣又抢眼；宽松版型设计，带来轻松时髦之感，潮范儿升级；主面料为纯棉，手感柔软，贴身穿着舒适亲肤；与短裤、九分裤、七分裤等相当速配，释放青春活力气息；亦可与连帽无袖tee玩一把叠穿，平添几分运动风味道，减龄效果加分,面料:棉100%撞料:聚酯纤维89% 氨纶11%,适中,宽松,http://img1.ochirly.com.cn/wcsstore/TrendyCatalogAssetStore/images/trendy/trendiano/2018/b/3GC2026380510/3GC2026380510_m_1.jpg
T恤/POLO衫,短袖T恤,短袖t恤纯棉字母刺绣,3GE2021890000,￥499,,/p/3GE2021890000.shtml,运用立体刺绣手法勾画“TRE”大字母，虽以同色渲染，仍不减摩登个性，别致吸睛；整体风格简洁大气，线条设计利落干净，更显经典实穿；精选纯棉面料打造，穿着舒适亲肤透气；配以休闲长裤或百慕大短裤、运动鞋，洋溢活力潮流气息；斜挎小胸包为提升时髦度的关键所在，值得推荐,面料:棉100%(绣花线除外),适中,合体,http://img1.ochirly.com.cn/wcsstore/TrendyCatalogAssetStore/images/trendy/trendiano/2018/b/3GE2021890000/3GE2021890000_m_1.jpg
T恤/POLO衫,短袖T恤,短袖t恤纯棉字母刺绣,3GE2021890090,￥499,,/p/3GE2021890090.shtml,运用立体刺绣手法勾画“TRE”大字母，虽以同色渲染，仍不减摩登个性，别致吸睛；整体风格简洁大气，线条设计利落干净，更显经典实穿；精选纯棉面料打造，穿着舒适亲肤透气；配以休闲长裤或百慕大短裤、运动鞋，洋溢活力潮流气息；斜挎小胸包为提升时髦度的关键所在，值得推荐,面料:棉100%(绣花线除外),适中,合体,http://img1.ochirly.com.cn/wcsstore/TrendyCatalogAssetStore/images/trendy/trendiano/2018/b/3GE2021890090/3GE2021890090_m_1.jpg
T恤/POLO衫,短袖T恤,字母棉质宽松短袖t恤,3GI2024600000,￥599,,/p/3GI2024600000.shtml,后幅大字母Slogan，以立体刺绣手法展现于后幅，别具个性态度；大热oversize款式，以干净、流畅线条勾勒出宽松大轮廓，巧妙包容和修饰身材；精选含棉面料打造，穿着舒适亲肤自在；与短裤、运动鞋轻松混搭，一身造型干净利落，却不减青春活力气息,前幅/袖子:棉100%后幅:棉52.9% 粘纤47.1%(绣花位除外),中长,宽松,http://img1.ochirly.com.cn/wcsstore/TrendyCatalogAssetStore/images/trendy/trendiano/2018/b/3GI2024600000/3GI2024600000_m_1.jpg
T恤/POLO衫,短袖T恤,字母棉质宽松短袖t恤,3GI2024600090,￥599,,/p/3GI2024600090.shtml,后幅大字母Slogan，以立体刺绣手法展现于后幅，别具个性态度；大热oversize款式，以干净、流畅线条勾勒出宽松大轮廓，巧妙包容和修饰身材；精选含棉面料打造，穿着舒适亲肤自在；与短裤、运动鞋轻松混搭，一身造型干净利落，却不减青春活力气息,前幅/袖子:棉100%后幅:棉52.9% 粘纤47.1%(绣花位除外),中长,宽松,http://img1.ochirly.com.cn/wcsstore/TrendyCatalogAssetStore/images/trendy/trendiano/2018/b/3GI2024600090/3GI2024600090_m_1.jpg
T恤/POLO衫,短袖T恤,人像字母宽松短袖t恤,3GI2024610000,￥599,,/p/3GI2024610000.shtml,前幅黑白人像与大字母印花，制造强烈视觉冲击效果，赋予衣衫更多前卫街头风Style；拼接成为本款另一亮点，冲突异材质碰撞，巧妙提升设计层次感；宽松落肩廓形，结合中长款长度，洋溢轻松活力气息， 奠定休闲基调；优质含棉面料，穿着舒适自在；别具时髦亮点单品，与各式下装混搭皆出彩；配以破洞牛仔长裤、运动鞋，整身造型酷帅有型，吸睛度up,面料:棉93.9% 氨纶6.1%撞料:聚酯纤维100%,中长,宽松,http://img1.ochirly.com.cn/wcsstore/TrendyCatalogAssetStore/images/trendy/trendiano/2018/b/3GI2024610000/3GI2024610000_m_1.jpg
T恤/POLO衫,短袖T恤,人像字母宽松短袖t恤,3GI2024610090,￥599,,/p/3GI2024610090.shtml,前幅黑白人像与大字母印花，制造强烈视觉冲击效果，赋予衣衫更多前卫街头风Style；拼接成为本款另一亮点，冲突异材质碰撞，巧妙提升设计层次感；宽松落肩廓形，结合中长款长度，洋溢轻松活力气息，奠定休闲基调；优质含棉面料，穿着舒适自在；别具时髦亮点单品，与各式下装混搭皆出彩；配以破洞牛仔长裤、运动鞋，整身造型酷帅有型，吸睛度up,面料:棉93.9% 氨纶6.1%撞料:聚酯纤维100%,中长,宽松,http://img1.ochirly.com.cn/wcsstore/TrendyCatalogAssetStore/images/trendy/trendiano/2018/b/3GI2024610090/3GI2024610090_m_1.jpg
T恤/POLO衫,短袖T恤,印花拼接宽松短袖t恤,3GI2024760000,￥599,,/p/3GI2024760000.shtml,后幅设计也相当抢镜，大片条纹天鹅印花的雪纺拼接以夸张体积占据视线，激发无限活力，相当抢镜；前幅简约VS后幅繁复，繁简有度的设计，更显摩登有趣；宽松落肩廓形，结合中长款长度，洋溢轻松率性气息，奠定休闲基调；纯棉拼接轻纱材质，柔软mix飘逸，带来舒适惬意穿着体验；一件足够抢眼Tee，随意搭配休闲长裤，即可于人群中脱颖而出，值得推荐,面料:棉100%撞料:聚酯纤维100%,中长,宽松,http://img1.ochirly.com.cn/wcsstore/TrendyCatalogAssetStore/images/trendy/trendiano/2018/b/3GI2024760000/3GI2024760000_m_1.jpg
T恤/POLO衫,短袖T恤,印花拼接宽松短袖t恤,3GI2024760090,￥599,,/p/3GI2024760090.shtml,后幅设计也相当抢镜，大片条纹天鹅印花的雪纺拼接以夸张体积占据视线，激发无限活力，相当抢镜；前幅简约VS后幅繁复，繁简有度的设计，更显摩登有趣；宽松落肩廓形，结合中长款长度，洋溢轻松率性气息，奠定休闲基调；纯棉拼接轻纱材质，柔软mix飘逸，带来舒适惬意穿着体验；一件足够抢眼Tee，随意搭配休闲长裤，即可于人群中脱颖而出，值得推荐,面料:棉100%撞料:聚酯纤维100%,中长,宽松,http://img1.ochirly.com.cn/wcsstore/TrendyCatalogAssetStore/images/trendy/trendiano/2018/b/3GI2024760090/3GI2024760090_m_1.jpg
T恤/POLO衫,短袖T恤,纯棉宽松条纹刺绣T恤,3GC2021510934,￥319,￥399,/p/3GC2021510934.shtml,律动跳跃的拼色条纹，规整有序饰满衣身，赋予其丰富视觉层次效果；运用精巧细致刺绣工艺，勾画撞色英文Slogan，瞬间吸睛充满个性；宽松版型Cutting，线条处理利落称身，随性洒脱易穿；甄选亲肤质感纯棉面料，柔韧细致，透气舒适；时髦上装，与简约风格单品尤为合搭，下装配入纯色短裤或哈伦裤，加入运动鞋，演绎Sunshine潮男形象,面料:棉100%(绣花线除外)里料:聚酯纤维100%,适中,宽松,http://img1.ochirly.com.cn/wcsstore/TrendyCatalogAssetStore/images/trendy/trendiano/2018/b/3GC2021510934/3GC2021510934_m_1.jpg
T恤/POLO衫,短袖T恤,条纹宽松印花短袖T恤,3GC2021600090,￥399,￥499,/p/3GC2021600090.shtml,律动跳跃的拼色条纹，规整有序饰满衣身，赋予其丰富视觉层次效果；黑红双色Mix出个性Slogan，于胸前点亮视线，个性吸睛；宽松版型Cutting，线条处理利落称身，随性洒脱易穿；精选面料打造，柔韧细致，穿着舒适；时髦上装，与简约风格单品尤为合搭，下装配入纯色短裤或牛仔裤，加入板鞋，打造潮感帅气造型,面料:粘纤60.8% 聚酯纤维18.3% 锦纶16.1% 氨纶4.8%,适中,宽松,http://img1.ochirly.com.cn/wcsstore/TrendyCatalogAssetStore/images/trendy/trendiano/2018/b/3GC2021600090/3GC2021600090_m_1.jpg
T恤/POLO衫,短袖T恤,纯棉宽松圆领短袖T恤,3GC2021700090,￥319,￥399,/p/3GC2021700090.shtml,Logo印花是时尚设计者钟爱的元素，秉承其耐看长青性质，深受大众追捧；运用鲜明撞色plus几何图形，与字母组合成亮眼Logo，个性摩登充满活力；宽松版型Cutting，线条处理利落称身，随性洒脱易穿；甄选亲肤质感纯棉面料，柔韧细致，透气舒适；时髦休闲单品，下装配入纯色休闲裤或哈伦裤，加入板鞋，无需过分心机即可轻松打造帅气造型,面料:棉100%,适中,宽松,http://img1.ochirly.com.cn/wcsstore/TrendyCatalogAssetStore/images/trendy/trendiano/2018/b/3GC2021700090/3GC2021700090_m_1.jpg
T恤/POLO衫,短袖T恤,棉质宽松圆领短袖T恤,3GC2022410190,￥319,￥399,/p/3GC2022410190.shtml,精致罗纹构筑律动跳跃间色衣袖，赋予衣身丰富视觉层次效果，别致吸睛有范；运用精巧细致刺绣工艺，构筑英文Logo椭圆形徽章，轻轻点缀前胸，细节中体现个性；宽松版型Cutting，线条处理利索称身，潇洒闲适感尽显；主面料甄选亲肤质感纯棉，柔软透气，穿着舒适自在；时髦休闲单品，下装与束脚哈伦裤搭配，加入板鞋，简洁中透着潮感帅气,面料:棉100%袖口罗纹:棉97.4% 氨纶2.6%,适中,宽松,http://img1.ochirly.com.cn/wcsstore/TrendyCatalogAssetStore/images/trendy/trendiano/2018/b/3GC2022410190/3GC2022410190_m_1.jpg
T恤/POLO衫,短袖T恤,宽松纯棉印花短袖t恤,3GC2025360090,￥299,￥499,/p/3GC2025360090.shtml,机器人头像及涂鸦风字母大面积占据前幅，一改以往冷淡风格，反而带点搞怪与戏谑味道，更添趣味性与时髦度；宽松轮廓剪裁，简洁流畅线条洋溢轻松潮流气息；纯棉面料打造，手感柔软，穿着舒适亲肤；个性抢眼单品，与各式裤装皆可轻松混搭；配以运动风长裤、低帮鞋、斜挎腰包，活力不羁腔调尽显淋漓,面料:棉100%,适中,宽松,http://img1.ochirly.com.cn/wcsstore/TrendyCatalogAssetStore/images/trendy/trendiano/2018/b/3GC2025360090/3GC2025360090_m_1.jpg
T恤/POLO衫,短袖T恤,宽松印花拼接短袖t恤,3GC2025380090,￥359,￥599,/p/3GC2025380090.shtml,大字母、机器人头像及建筑等多样街头风元素齐聚前幅，以夸张大面积及鲜明色彩成功聚焦视线，提升辨识度，时髦腔调尽显；前后幅异材质打造，丰富层次感，精致度加分；oversize款式，以干净、流畅线条勾勒出宽松大轮廓，巧妙包容和修饰身材；与各式短裤、长裤、七分或五分裤皆可混搭，值得入手；搭配宽松短裤、低帮鞋、斜挎胸包，分为时髦酷帅，回头率高,面料1:聚酯纤维89% 氨纶11%面料2:棉100%,适中,宽松,http://img1.ochirly.com.cn/wcsstore/TrendyCatalogAssetStore/images/trendy/trendiano/2018/b/3GC2025380090/3GC2025380090_m_1.jpg
T恤/POLO衫,短袖T恤,棉质宽松印花短袖T恤,3GE2020050090,￥399,￥499,/p/3GE2020050090.shtml,前幅大片几何印花拼贴，汇聚城市建筑街景及倒写大字母“V”，朦胧光影效果别具现代摩登都市Style；宽松轮廓剪裁，简洁流畅线条洋溢轻松潮流气息；精选纯棉面料打造，穿着舒适亲肤透气；出挑图案单品，与各式裤装皆可轻松混搭，值得入手；与束脚九分裤、运动鞋、斜挎小胸包搭配，打造时尚潮人印象，活力减龄,面料:棉100%撞料1:聚酯纤维100%撞料2:聚酯纤维100%,适中,宽松,http://img1.ochirly.com.cn/wcsstore/TrendyCatalogAssetStore/images/trendy/trendiano/2018/b/3GE2020050090/3GE2020050090_m_1.jpg
T恤/POLO衫,短袖T恤,中长宽松棉质刺绣T恤,3GI2024020000,￥299,￥499,/p/3GI2024020000.shtml,多重倒立效果勾画大小不一重叠组合的英文Slogan，利用精致刺绣工艺配以鲜明撞色呈现，瞬间捕获视线，展现年轻活力个性；衣身以中长款长度设计，配合宽松版型Cutting，尽显随性潇洒；甄选亲肤棉质面料，柔软细致，透气吸汗穿着舒适；街头风时髦单品，下装配入束脚哈伦裤或运动风格休闲短裤，混搭低帮鞋，演绎帅气不羁潮男形象,面料:棉93.8% 氨纶6.2%里布:聚酯纤维100%,中长,宽松,http://img1.ochirly.com.cn/wcsstore/TrendyCatalogAssetStore/images/trendy/trendiano/2018/b/3GI2024020000/3GI2024020000_m_1.jpg
T恤/POLO衫,短袖T恤,中长宽松棉质刺绣T恤,3GI2024020090,￥299,￥499,/p/3GI2024020090.shtml,多重倒立效果勾画大小不一重叠组合的英文Slogan，利用精致刺绣工艺配以鲜明撞色呈现，瞬间捕获视线，展现年轻活力个性；衣身以中长款长度设计，配合宽松版型Cutting，尽显随性潇洒；甄选亲肤棉质面料，柔软细致，透气吸汗穿着舒适；街头风时髦单品，下装配入束脚哈伦裤或运动风格休闲短裤，混搭低帮鞋，演绎帅气不羁潮男形象,面料:棉93.8% 氨纶6.2%里布:聚酯纤维100%,中长,宽松,http://img1.ochirly.com.cn/wcsstore/TrendyCatalogAssetStore/images/trendy/trendiano/2018/b/3GI2024020090/3GI2024020090_m_1.jpg
T恤/POLO衫,短袖T恤,纯棉宽松印花短袖T恤,3GI2024040000,￥299,￥499,/p/3GI2024040000.shtml,灰白色调人像印花与翠绿色植物图案碰撞，形成鲜明视觉反差，凋零中花卉的切入，少了几分喧嚣夺目多出几分黯然宁静，创意有范；大篇幅手写体英文，鲜艳色调瞬间点亮视线，个性不羁；宽松版型Cutting，线条处理利落称身，尽显潇洒随性；甄选亲肤质感纯棉面料，柔韧细致，透气舒适；街头风时髦单品，下装配入束脚哈伦裤或运动风格休闲短裤，混搭板鞋，演绎帅气型格造型,面料:棉100%,适中,宽松,http://img1.ochirly.com.cn/wcsstore/TrendyCatalogAssetStore/images/trendy/trendiano/2018/b/3GI2024040000/3GI2024040000_m_1.jpg
T恤/POLO衫,短袖T恤,纯棉宽松印花短袖T恤,3GI2024040090,￥299,￥499,/p/3GI2024040090.shtml,灰白色调人像印花与翠绿色植物图案碰撞，形成鲜明视觉反差，凋零中花卉的切入，少了几分喧嚣夺目多出几分黯然宁静，创意有范；大篇幅手写体英文，鲜艳色调瞬间点亮视线，个性不羁；宽松版型Cutting，线条处理利落称身，尽显潇洒随性；甄选亲肤质感纯棉面料，柔韧细致，透气舒适；街头风时髦单品，下装配入束脚哈伦裤或运动风格休闲短裤，混搭板鞋，演绎帅气型格造型,面料:棉100%,适中,宽松,http://img1.ochirly.com.cn/wcsstore/TrendyCatalogAssetStore/images/trendy/trendiano/2018/b/3GI2024040090/3GI2024040090_m_1.jpg
T恤/POLO衫,短袖T恤,中长宽松印花短袖T恤,3GI2024210000,￥559,￥699,/p/3GI2024210000.shtml,创意双层衣身设计，内层灰白色人像印花组合率性条纹破格点缀后幅，前幅英文Logo与几何色块重叠，于表层朦胧中透着若隐若现的神秘感，个性摩登；中长款长度设计，配合宽松版型Cutting，尽显随性潇洒；内层甄选亲肤质感纯棉面料，柔韧细致，透气舒适；时髦休闲单品，下装与纯色长款或牛仔裤混搭，加入板鞋，简洁而不失潮感的造型轻松呈现,面层:聚酯纤维72.8% 锦纶27.2%里层:棉100%(绣花线除外),中长,宽松,http://img1.ochirly.com.cn/wcsstore/TrendyCatalogAssetStore/images/trendy/trendiano/2018/b/3GI2024210000/3GI2024210000_m_1.jpg
T恤/POLO衫,短袖T恤,棉质宽松印花连帽T恤,3GC2020700000,￥559,￥699,/p/3GC2020700000.shtml,充满张力的撞色英文Slogan，以条纹律动跳跃切割，形成速度感渐变效果，于袖子、衣侧、帽檐分别个性呈现；连帽设计，增添率性感同时于大风天气防风护颈，美观性与实用性兼备；Cutting以宽松版型构筑，线条处理利落称身，随性洒脱易穿；甄选亲肤棉质面料，柔软平滑细致，穿着透气舒适；时髦休闲上装，配入运动风短裤或哈伦裤，混搭低帮鞋，阳光活力造型尽情展现,面料1:棉95.9% 氨纶4.1%面料2:聚酯纤维100%罗纹:棉98.2% 氨纶1.8%,适中,宽松,http://img1.ochirly.com.cn/wcsstore/TrendyCatalogAssetStore/images/trendy/trendiano/2018/b/3GC2020700000/3GC2020700000_m_1.jpg
T恤/POLO衫,短袖T恤,棉质宽松印花连帽T恤,3GC2020700520,￥559,￥699,/p/3GC2020700520.shtml,充满张力的撞色英文Slogan，以条纹律动跳跃切割，形成速度感渐变效果，于袖子、衣侧、帽檐分别个性呈现；连帽设计，增添率性感同时于大风天气防风护颈，美观性与实用性兼备；Cutting以宽松版型构筑，线条处理利落称身，随性洒脱易穿；甄选亲肤棉质面料，柔软平滑细致，穿着透气舒适；时髦休闲上装，配入运动风短裤或哈伦裤，混搭低帮鞋，阳光活力造型尽情展现,面料1:棉95.9% 氨纶4.1%面料2:聚酯纤维100%罗纹:棉98.2% 氨纶1.8%,适中,宽松,http://img1.ochirly.com.cn/wcsstore/TrendyCatalogAssetStore/images/trendy/trendiano/2018/b/3GC2020700520/3GC2020700520_m_1.jpg
T恤/POLO衫,短袖T恤,豹子字母纯棉短袖t恤,3GI2025310090,￥479,￥599,/p/3GI2025310090.shtml,“IMPERIUM”与植绒豹子印花相得益彰，高调点睛霸气街头风气场，焕发炫酷强硬气场；玩味廓形艺术，落肩oversize轮廓设计，带来轻松时髦气息，范儿升级；精选纯棉面料打造，拥有柔软细腻手感，带来舒适亲肤穿着体验；个性图案单品，与任意下装混搭皆可，值得入手；搭配百慕大短裤、低帮鞋，洋溢青春活力气息，减龄效果显著,面料:棉100%,适中,宽松,http://img1.ochirly.com.cn/wcsstore/TrendyCatalogAssetStore/images/trendy/trendiano/2018/b/3GI2025310090/3GI2025310090_m_1.jpg
T恤/POLO衫,短袖T恤,豹子字母纯棉短袖t恤,3GI2025310410,￥479,￥599,/p/3GI2025310410.shtml,“IMPERIUM”与植绒豹子印花相得益彰，高调点睛霸气街头风气场，焕发炫酷强硬气场；玩味廓形艺术，落肩oversize轮廓设计，带来轻松时髦气息，范儿升级；精选纯棉面料打造，拥有柔软细腻手感，带来舒适亲肤穿着体验；个性图案单品，与任意下装混搭皆可，值得入手；搭配百慕大短裤、低帮鞋，洋溢青春活力气息，减龄效果显著,面料:棉100%,适中,宽松,http://img1.ochirly.com.cn/wcsstore/TrendyCatalogAssetStore/images/trendy/trendiano/2018/b/3GI2025310410/3GI2025310410_m_1.jpg
T恤/POLO衫,短袖T恤,纯棉刺绣圆领短袖T恤,3GC2020040120,￥299,￥499,/p/3GC2020040120.shtml,运用精巧细致刺绣工艺，把棱角分明的立体小珠子串联成英文Logo，于细节中体现时尚质感；细致罗纹构筑精致圆领，线条Cutting利落称身，尽显随性闲适；甄选亲肤质感纯棉面料，透气柔软，穿着舒适自在；时髦单品，与各式休闲裤或牛仔裤搭配皆适宜，加入板鞋，无需过分心机即可轻松打造帅气潮感造型,面料:棉100%,适中,合体,http://img1.ochirly.com.cn/wcsstore/TrendyCatalogAssetStore/images/trendy/trendiano/2018/b/3GC2020040120/3GC2020040120_m_1.jpg
T恤/POLO衫,短袖T恤,短袖t恤字母棉质宽松,3GC2020520000,￥299,￥499,/p/3GC2020520000.shtml,衣摆拼接设计，并在上面印上大字母，让T恤不再普通单一，玩趣时尚个性潮流；宽松廓形剪裁，对身材要求降低，舒适实穿性进一步提升；含棉面料打造，贴身穿着柔软舒适透气；休闲又百搭，与任意下装搭配皆适宜；加入字母短裤或长裤，上简下繁，是穿出摩登前卫造型的关键所在，潮人值得尝试,面料:棉83.1% 聚酯纤维16.9%,适中,宽松,http://img1.ochirly.com.cn/wcsstore/TrendyCatalogAssetStore/images/trendy/trendiano/2018/b/3GC2020520000/3GC2020520000_m_1.jpg
T恤/POLO衫,短袖T恤,短袖t恤字母棉质宽松,3GC2020520090,￥299,￥499,/p/3GC2020520090.shtml,衣摆拼接设计，并在上面印上大字母，让T恤不再普通单一，玩趣时尚个性潮流；宽松廓形剪裁，对身材要求降低，舒适实穿性进一步提升；含棉面料打造，贴身穿着柔软舒适透气；休闲又百搭，与任意下装搭配皆适宜；加入字母短裤或长裤，上简下繁，是穿出摩登前卫造型的关键所在，潮人值得尝试,面料:棉83.1% 聚酯纤维16.9%,适中,宽松,http://img1.ochirly.com.cn/wcsstore/TrendyCatalogAssetStore/images/trendy/trendiano/2018/b/3GC2020520090/3GC2020520090_m_1.jpg
T恤/POLO衫,短袖T恤,棉质宽松中长短袖T恤,3GC2022300000,￥359,￥599,/p/3GC2022300000.shtml,妩媚魅惑的女人人像印花，以昏黄暗调渲染，在黑色轻薄网纱覆盖下若隐若现，透着浓浓神秘气氛；中长款长度Cutting，配合宽松版型设计，呼应轻松随性基调；主面料甄选亲肤质感纯棉面料，透气柔软，穿着舒适自在；时髦单品，下装与纯色休闲裤或百慕大短裤搭配，加入板鞋，演绎帅气不羁潮感造型,面料:棉100%撞料:聚酯纤维100%,中长,宽松,http://img1.ochirly.com.cn/wcsstore/TrendyCatalogAssetStore/images/trendy/trendiano/2018/b/3GC2022300000/3GC2022300000_m_1.jpg
T恤/POLO衫,短袖T恤,棉质宽松中长短袖T恤,3GC2022300090,￥359,￥599,/p/3GC2022300090.shtml,妩媚魅惑的女人人像印花，以昏黄暗调渲染，在黑色轻薄网纱覆盖下若隐若现，透着浓浓神秘气氛；中长款长度Cutting，配合宽松版型设计，呼应轻松随性基调；主面料甄选亲肤质感纯棉面料，透气柔软，穿着舒适自在；时髦单品，下装与纯色休闲裤或百慕大短裤搭配，加入板鞋，演绎帅气不羁潮感造型,面料:棉100%撞料:聚酯纤维100%,中长,宽松,http://img1.ochirly.com.cn/wcsstore/TrendyCatalogAssetStore/images/trendy/trendiano/2018/b/3GC2022300090/3GC2022300090_m_1.jpg
T恤/POLO衫,短袖T恤,纯棉中长宽松短袖T恤,3GC2025550090,￥299,￥499,/p/3GC2025550090.shtml,乖张创意X-ray效果人像图案，与亮色英文Logo重叠组合，轻松点亮视线，焕发青春活力气息；中长款长度Cutting，配合宽松版型设计，呼应轻松随性基调；甄选亲肤质感纯棉面料，透气柔软，穿着舒适自在；时髦单品，下装与各式休闲裤或百慕大短裤搭配，加入板鞋，演绎帅气不羁潮感造型,面料:棉100%,中长,宽松,http://img1.ochirly.com.cn/wcsstore/TrendyCatalogAssetStore/images/trendy/trendiano/2018/b/3GC2025550090/3GC2025550090_m_1.jpg
T恤/POLO衫,短袖T恤,宽松纯色圆领短袖T恤,3GE2023070090,￥299,￥499,/p/3GE2023070090.shtml,质朴无垢的素净纯色，诠释简约轻松的现代美学概念，传递着淡雅冷调质感；胸口以细圆织带勾勒出模拟口袋装饰，为宁静注入一抹鲜活，制造时尚细节亮点；衣侧金属拉链装饰，巧妙增加造型多变性，方便日常穿脱；宽松版型Cutting，线条处理利索称身，潇洒闲适感尽显；甄选薄天丝麻小提花面料，蕴含亚麻成分，轻透柔韧，带来清爽舒心的穿着体验；时髦休闲上装，简单配入短裤或哈伦裤，演绎雅致不失潮感造型,面料:莱赛尔84.4% 亚麻15.6%,适中,宽松,http://img1.ochirly.com.cn/wcsstore/TrendyCatalogAssetStore/images/trendy/trendiano/2018/b/3GE2023070090/3GE2023070090_m_1.jpg
T恤/POLO衫,短袖T恤,纯棉宽松印花短袖T恤,3GI2024480090,￥399,￥499,/p/3GI2024480090.shtml,运用热血漫画笔触，勾画栩栩如生的龙与珠图案，光怪陆离的色调变化渲染，让恍若穿越于光晕中的龙显得更神秘莫测；英文Logo的加入，巧妙注入率性摩登元素，展现年轻活力气息；宽松版型Cutting，线条处理利落称身，尽显潇洒随性气质；甄选亲肤质感纯棉面料，柔软细致，穿着透气舒适；时髦休闲单品，下装配入纯色短款，加入板鞋，演绎帅气不羁造型,面料:棉100%,适中,宽松,http://img1.ochirly.com.cn/wcsstore/TrendyCatalogAssetStore/images/trendy/trendiano/2018/b/3GI2024480090/3GI2024480090_m_1.jpg
T恤/POLO衫,短袖T恤,纯棉宽松印花短袖T恤,3GI2024480510,￥399,￥499,/p/3GI2024480510.shtml,运用热血漫画笔触，勾画栩栩如生的龙与珠图案，光怪陆离的色调变化渲染，让恍若穿越于光晕中的龙显得更神秘莫测；英文Logo的加入，巧妙注入率性摩登元素，展现年轻活力气息；宽松版型Cutting，线条处理利落称身，尽显潇洒随性气质；甄选亲肤质感纯棉面料，柔软细致，穿着透气舒适；时髦休闲单品，下装配入纯色短款，加入板鞋，演绎帅气不羁造型,面料:棉100%,适中,宽松,http://img1.ochirly.com.cn/wcsstore/TrendyCatalogAssetStore/images/trendy/trendiano/2018/b/3GI2024480510/3GI2024480510_m_1.jpg
T恤/POLO衫,短袖T恤,短袖t恤宽松纯棉字母,3GI2025280000,￥299,￥499,/p/3GI2025280000.shtml,前幅大字母Slogan以新鲜排版及撞色呈现，提升趣味性及吸睛度，轻松展现鲜明时尚个性；玩味廓形艺术，落肩oversize轮廓设计，带来轻松时髦气息；纯棉面料，穿着舒适亲肤自在；字母恤衫，为潮人衣橱常备款，与任意下装皆可混搭，演绎活力个性范儿,面料:棉100%,中长,宽松,http://img1.ochirly.com.cn/wcsstore/TrendyCatalogAssetStore/images/trendy/trendiano/2018/b/3GI2025280000/3GI2025280000_m_1.jpg
T恤/POLO衫,短袖T恤,短袖t恤宽松纯棉字母,3GI2025280090,￥299,￥499,/p/3GI2025280090.shtml,前幅大字母Slogan以新鲜排版及撞色呈现，提升趣味性及吸睛度，轻松展现鲜明时尚个性；玩味廓形艺术，落肩oversize轮廓设计，带来轻松时髦气息；纯棉面料，穿着舒适亲肤自在；字母恤衫，为潮人衣橱常备款，与任意下装皆可混搭，演绎活力个性范儿,面料:棉100%,中长,宽松,http://img1.ochirly.com.cn/wcsstore/TrendyCatalogAssetStore/images/trendy/trendiano/2018/b/3GI2025280090/3GI2025280090_m_1.jpg
T恤/POLO衫,短袖T恤,纯棉字母印花短袖t恤,3GC2020380400,￥239,￥399,/p/3GC2020380400.shtml,采用牙刷印及胶浆印手法，呈现怀旧街头风老照片图案，使得印花更具年代质感，吸睛别致；亮色Slogan成为本款点睛之笔，毫无费劲即可展现专属时尚态度，个性加分；甄选纯棉面料，手感柔软，贴身穿着舒适亲肤；图案恤衫，百搭又时尚，与任意下装混搭皆可；搭配束脚九分裤、低帮鞋、双肩包，构筑休闲活力look，彰显帅气chic型格,面料:棉100%,适中,合体,http://img1.ochirly.com.cn/wcsstore/TrendyCatalogAssetStore/images/trendy/trendiano/2018/b/3GC2020380400/3GC2020380400_m_1.jpg
T恤/POLO衫,短袖T恤,纯棉宽松字母短袖t恤,3GC2022460090,￥239,￥399,/p/3GC2022460090.shtml,以罗纹字母织带拼接装饰，传递着sporty风活力气息；宽松轮廓剪裁，简洁流畅线条洋溢轻松潮流之感；纯棉面料打造，带来舒适亲肤穿着体验；与短裤、中筒袜、板鞋混搭，运动风贯彻整身look，格外青春有活力，利落减龄；亦可与长裤、牛仔裤、九分裤等下装搭配，时尚百搭,面料:棉100%侧缝罗纹:棉100%,适中,宽松,http://img1.ochirly.com.cn/wcsstore/TrendyCatalogAssetStore/images/trendy/trendiano/2018/b/3GC2022460090/3GC2022460090_m_1.jpg
T恤/POLO衫,短袖T恤,字母纯棉圆领短袖t恤,3GC2022730000,￥239,￥299,/p/3GC2022730000.shtml,打破单一元素运用，让压花立体字母与亮色迷彩印花碰撞组合，更能呈现活力鲜明个性；基础合体恤衫，线条剪裁利落干净，倍显百搭实穿特性；甄选纯棉面料，手感柔软，透气性好，穿着舒适清爽；字母T恤，时尚实穿，与任意裤装混搭，内外穿皆适宜；配以百慕大短裤、板鞋，斯文干净的阳光大男孩造型，减龄效果显著,面料:棉100%,适中,合体,http://img1.ochirly.com.cn/wcsstore/TrendyCatalogAssetStore/images/trendy/trendiano/2018/b/3GC2022730000/3GC2022730000_m_1.jpg
